Da li je osoba visoka?,Da li osoba ima ravnu kosu?,Da li osoba ima tamne oci?,Da li osoba ima svetlu kozu?,Da li osoba ima duge noge?,Da li je osoba mrsava?,Da li osoba ima siroka ramena?,Da li osoba ima veliki nos?,Da li osoba ima ravne zube?,Da li osoba ima visoko celo?,Da li osoba ima guste obrve?,Da li osoba ima velike usi?,Da li osoba ima ostre crte lica?,Da li osoba ima dugacke prste?,Da li osoba ima siljatu bradu?,Da li osoba pise desnom rukom?,Da li osoba ima guste trepavice?,Da li osoba ima ravan stomak?,Da li osoba ima velika usta?,Da li osoba ima krupne oci?
Da,Da,Da,Da,Da,Da,Da,Da,Da,Da,Da,Da,Da,Da,Da,Da,Da,Da,Da,Da,Mollee Eagleton
Ne,Da,Da,Da,Da,Da,Da,Da,Da,Da,Da,Da,Da,Da,Da,Da,Da,Da,Da,Da,Alyse Wyrill
Da,Ne,Da,Da,Da,Da,Da,Da,Da,Da,Da,Da,Da,Da,Da,Da,Da,Da,Da,Da,Joycelin Littrell
Ne,Ne,Da,Da,Da,Da,Da,Da,Da,Da,Da,Da,Da,Da,Da,Da,Da,Da,Da,Da,Phillipp Caswill
Da,Da,Ne,Da,Da,Da,Da,Da,Da,Da,Da,Da,Da,Da,Da,Da,Da,Da,Da,Da,Jules Colchett
Ne,Da,Ne,Da,Da,Da,Da,Da,Da,Da,Da,Da,Da,Da,Da,Da,Da,Da,Da,Da,Doti Robrow
Da,Ne,Ne,Da,Da,Da,Da,Da,Da,Da,Da,Da,Da,Da,Da,Da,Da,Da,Da,Da,Josefina Nicholl
Ne,Ne,Ne,Da,Da,Da,Da,Da,Da,Da,Da,Da,Da,Da,Da,Da,Da,Da,Da,Da,Minna Crommett
Da,Da,Da,Ne,Da,Da,Da,Da,Da,Da,Da,Da,Da,Da,Da,Da,Da,Da,Da,Da,Web Normanton
Ne,Da,Da,Ne,Da,Da,Da,Da,Da,Da,Da,Da,Da,Da,Da,Da,Da,Da,Da,Da,Malory Cowdery
Da,Ne,Da,Ne,Da,Da,Da,Da,Da,Da,Da,Da,Da,Da,Da,Da,Da,Da,Da,Da,Luci Buick
Ne,Ne,Da,Ne,Da,Da,Da,Da,Da,Da,Da,Da,Da,Da,Da,Da,Da,Da,Da,Da,Hetti Wharin
Da,Da,Ne,Ne,Da,Da,Da,Da,Da,Da,Da,Da,Da,Da,Da,Da,Da,Da,Da,Da,Austen Riggott
Ne,Da,Ne,Ne,Da,Da,Da,Da,Da,Da,Da,Da,Da,Da,Da,Da,Da,Da,Da,Da,Leodora Croney
Da,Ne,Ne,Ne,Da,Da,Da,Da,Da,Da,Da,Da,Da,Da,Da,Da,Da,Da,Da,Da,Theodora Patmore
Ne,Ne,Ne,Ne,Da,Da,Da,Da,Da,Da,Da,Da,Da,Da,Da,Da,Da,Da,Da,Da,Tailor Bonhome
Da,Da,Da,Da,Ne,Da,Da,Da,Da,Da,Da,Da,Da,Da,Da,Da,Da,Da,Da,Da,Thayne Eagleton
Ne,Da,Da,Da,Ne,Da,Da,Da,Da,Da,Da,Da,Da,Da,Da,Da,Da,Da,Da,Da,Adan Standage
Da,Ne,Da,Da,Ne,Da,Da,Da,Da,Da,Da,Da,Da,Da,Da,Da,Da,Da,Da,Da,Moselle Caudray
Ne,Ne,Da,Da,Ne,Da,Da,Da,Da,Da,Da,Da,Da,Da,Da,Da,Da,Da,Da,Da,Mal Adam
Da,Da,Ne,Da,Ne,Da,Da,Da,Da,Da,Da,Da,Da,Da,Da,Da,Da,Da,Da,Da,Melisande Hiddsley
Ne,Da,Ne,Da,Ne,Da,Da,Da,Da,Da,Da,Da,Da,Da,Da,Da,Da,Da,Da,Da,Myrtie Ugoni
Da,Ne,Ne,Da,Ne,Da,Da,Da,Da,Da,Da,Da,Da,Da,Da,Da,Da,Da,Da,Da,Lizzie Haliday
Ne,Ne,Ne,Da,Ne,Da,Da,Da,Da,Da,Da,Da,Da,Da,Da,Da,Da,Da,Da,Da,Ruby Goulstone
Da,Da,Da,Ne,Ne,Da,Da,Da,Da,Da,Da,Da,Da,Da,Da,Da,Da,Da,Da,Da,Tyson Stranks
Ne,Da,Da,Ne,Ne,Da,Da,Da,Da,Da,Da,Da,Da,Da,Da,Da,Da,Da,Da,Da,Cleo Wincom
Da,Ne,Da,Ne,Ne,Da,Da,Da,Da,Da,Da,Da,Da,Da,Da,Da,Da,Da,Da,Da,Rawley Stewartson
Ne,Ne,Da,Ne,Ne,Da,Da,Da,Da,Da,Da,Da,Da,Da,Da,Da,Da,Da,Da,Da,Dana Figg
Da,Da,Ne,Ne,Ne,Da,Da,Da,Da,Da,Da,Da,Da,Da,Da,Da,Da,Da,Da,Da,Kaja Shucksmith
Ne,Da,Ne,Ne,Ne,Da,Da,Da,Da,Da,Da,Da,Da,Da,Da,Da,Da,Da,Da,Da,Magda Gianneschi
Da,Ne,Ne,Ne,Ne,Da,Da,Da,Da,Da,Da,Da,Da,Da,Da,Da,Da,Da,Da,Da,Lynnette Sill
Ne,Ne,Ne,Ne,Ne,Da,Da,Da,Da,Da,Da,Da,Da,Da,Da,Da,Da,Da,Da,Da,Boniface Gresser
Da,Da,Da,Da,Da,Ne,Da,Da,Da,Da,Da,Da,Da,Da,Da,Da,Da,Da,Da,Da,Shanie Sokale
Ne,Da,Da,Da,Da,Ne,Da,Da,Da,Da,Da,Da,Da,Da,Da,Da,Da,Da,Da,Da,Juliet Forcer
Da,Ne,Da,Da,Da,Ne,Da,Da,Da,Da,Da,Da,Da,Da,Da,Da,Da,Da,Da,Da,Murdoch Sallan
Ne,Ne,Da,Da,Da,Ne,Da,Da,Da,Da,Da,Da,Da,Da,Da,Da,Da,Da,Da,Da,Ruby McMichell
Da,Da,Ne,Da,Da,Ne,Da,Da,Da,Da,Da,Da,Da,Da,Da,Da,Da,Da,Da,Da,Cinda Castiello
Ne,Da,Ne,Da,Da,Ne,Da,Da,Da,Da,Da,Da,Da,Da,Da,Da,Da,Da,Da,Da,Adolphe Larrington
Da,Ne,Ne,Da,Da,Ne,Da,Da,Da,Da,Da,Da,Da,Da,Da,Da,Da,Da,Da,Da,Enrique Preator
Ne,Ne,Ne,Da,Da,Ne,Da,Da,Da,Da,Da,Da,Da,Da,Da,Da,Da,Da,Da,Da,Terrie Carrodus
Da,Da,Da,Ne,Da,Ne,Da,Da,Da,Da,Da,Da,Da,Da,Da,Da,Da,Da,Da,Da,Guenevere Addionisio
Ne,Da,Da,Ne,Da,Ne,Da,Da,Da,Da,Da,Da,Da,Da,Da,Da,Da,Da,Da,Da,Jeromy Jorissen
Da,Ne,Da,Ne,Da,Ne,Da,Da,Da,Da,Da,Da,Da,Da,Da,Da,Da,Da,Da,Da,Gottfried Mulrean
Ne,Ne,Da,Ne,Da,Ne,Da,Da,Da,Da,Da,Da,Da,Da,Da,Da,Da,Da,Da,Da,Terrijo Flay
Da,Da,Ne,Ne,Da,Ne,Da,Da,Da,Da,Da,Da,Da,Da,Da,Da,Da,Da,Da,Da,Lawrence Goodlud
Ne,Da,Ne,Ne,Da,Ne,Da,Da,Da,Da,Da,Da,Da,Da,Da,Da,Da,Da,Da,Da,Shadow Bass
Da,Ne,Ne,Ne,Da,Ne,Da,Da,Da,Da,Da,Da,Da,Da,Da,Da,Da,Da,Da,Da,Irv Dallender
Ne,Ne,Ne,Ne,Da,Ne,Da,Da,Da,Da,Da,Da,Da,Da,Da,Da,Da,Da,Da,Da,Maurice Haliday
Da,Da,Da,Da,Ne,Ne,Da,Da,Da,Da,Da,Da,Da,Da,Da,Da,Da,Da,Da,Da,Correy Mervyn
Ne,Da,Da,Da,Ne,Ne,Da,Da,Da,Da,Da,Da,Da,Da,Da,Da,Da,Da,Da,Da,Ivar Leggatt
Da,Ne,Da,Da,Ne,Ne,Da,Da,Da,Da,Da,Da,Da,Da,Da,Da,Da,Da,Da,Da,Yehudi Safhill
Ne,Ne,Da,Da,Ne,Ne,Da,Da,Da,Da,Da,Da,Da,Da,Da,Da,Da,Da,Da,Da,Lalo Mottley
Da,Da,Ne,Da,Ne,Ne,Da,Da,Da,Da,Da,Da,Da,Da,Da,Da,Da,Da,Da,Da,Willey Caplis
Ne,Da,Ne,Da,Ne,Ne,Da,Da,Da,Da,Da,Da,Da,Da,Da,Da,Da,Da,Da,Da,Dennie Cutts
Da,Ne,Ne,Da,Ne,Ne,Da,Da,Da,Da,Da,Da,Da,Da,Da,Da,Da,Da,Da,Da,Lenora Plaxton
Ne,Ne,Ne,Da,Ne,Ne,Da,Da,Da,Da,Da,Da,Da,Da,Da,Da,Da,Da,Da,Da,Clyde Purvis
Da,Da,Da,Ne,Ne,Ne,Da,Da,Da,Da,Da,Da,Da,Da,Da,Da,Da,Da,Da,Da,Valentina Durrance
Ne,Da,Da,Ne,Ne,Ne,Da,Da,Da,Da,Da,Da,Da,Da,Da,Da,Da,Da,Da,Da,Godfree Danzelman
Da,Ne,Da,Ne,Ne,Ne,Da,Da,Da,Da,Da,Da,Da,Da,Da,Da,Da,Da,Da,Da,Shurlock Waleran
Ne,Ne,Da,Ne,Ne,Ne,Da,Da,Da,Da,Da,Da,Da,Da,Da,Da,Da,Da,Da,Da,Robina Engall
Da,Da,Ne,Ne,Ne,Ne,Da,Da,Da,Da,Da,Da,Da,Da,Da,Da,Da,Da,Da,Da,Brina Roskelly
Ne,Da,Ne,Ne,Ne,Ne,Da,Da,Da,Da,Da,Da,Da,Da,Da,Da,Da,Da,Da,Da,Kirbie McQuilkin
Da,Ne,Ne,Ne,Ne,Ne,Da,Da,Da,Da,Da,Da,Da,Da,Da,Da,Da,Da,Da,Da,Ludovico Leask
Ne,Ne,Ne,Ne,Ne,Ne,Da,Da,Da,Da,Da,Da,Da,Da,Da,Da,Da,Da,Da,Da,Hayden Heindrick
Da,Da,Da,Da,Da,Da,Ne,Da,Da,Da,Da,Da,Da,Da,Da,Da,Da,Da,Da,Da,Margo Hanscom
Ne,Da,Da,Da,Da,Da,Ne,Da,Da,Da,Da,Da,Da,Da,Da,Da,Da,Da,Da,Da,Babita Prestidge
Da,Ne,Da,Da,Da,Da,Ne,Da,Da,Da,Da,Da,Da,Da,Da,Da,Da,Da,Da,Da,Theodor Sisnett
Ne,Ne,Da,Da,Da,Da,Ne,Da,Da,Da,Da,Da,Da,Da,Da,Da,Da,Da,Da,Da,Di Glendinning
Da,Da,Ne,Da,Da,Da,Ne,Da,Da,Da,Da,Da,Da,Da,Da,Da,Da,Da,Da,Da,Hildy Kilday
Ne,Da,Ne,Da,Da,Da,Ne,Da,Da,Da,Da,Da,Da,Da,Da,Da,Da,Da,Da,Da,Abbe DelMonte
Da,Ne,Ne,Da,Da,Da,Ne,Da,Da,Da,Da,Da,Da,Da,Da,Da,Da,Da,Da,Da,Jarrad Caldera
Ne,Ne,Ne,Da,Da,Da,Ne,Da,Da,Da,Da,Da,Da,Da,Da,Da,Da,Da,Da,Da,Wyn Wehden
Da,Da,Da,Ne,Da,Da,Ne,Da,Da,Da,Da,Da,Da,Da,Da,Da,Da,Da,Da,Da,Obidiah Feirn
Ne,Da,Da,Ne,Da,Da,Ne,Da,Da,Da,Da,Da,Da,Da,Da,Da,Da,Da,Da,Da,Morey Dewen
Da,Ne,Da,Ne,Da,Da,Ne,Da,Da,Da,Da,Da,Da,Da,Da,Da,Da,Da,Da,Da,Enrique Shaefer
Ne,Ne,Da,Ne,Da,Da,Ne,Da,Da,Da,Da,Da,Da,Da,Da,Da,Da,Da,Da,Da,Genvieve Gasnoll
Da,Da,Ne,Ne,Da,Da,Ne,Da,Da,Da,Da,Da,Da,Da,Da,Da,Da,Da,Da,Da,Tomi Betham
Ne,Da,Ne,Ne,Da,Da,Ne,Da,Da,Da,Da,Da,Da,Da,Da,Da,Da,Da,Da,Da,Ruthi MacDunleavy
Da,Ne,Ne,Ne,Da,Da,Ne,Da,Da,Da,Da,Da,Da,Da,Da,Da,Da,Da,Da,Da,Olivier Bernet
Ne,Ne,Ne,Ne,Da,Da,Ne,Da,Da,Da,Da,Da,Da,Da,Da,Da,Da,Da,Da,Da,Florance McQuilkin
Da,Da,Da,Da,Ne,Da,Ne,Da,Da,Da,Da,Da,Da,Da,Da,Da,Da,Da,Da,Da,Giana Larder
Ne,Da,Da,Da,Ne,Da,Ne,Da,Da,Da,Da,Da,Da,Da,Da,Da,Da,Da,Da,Da,Lutero Monan
Da,Ne,Da,Da,Ne,Da,Ne,Da,Da,Da,Da,Da,Da,Da,Da,Da,Da,Da,Da,Da,Lorrayne Cow
Ne,Ne,Da,Da,Ne,Da,Ne,Da,Da,Da,Da,Da,Da,Da,Da,Da,Da,Da,Da,Da,Dredi Champ
Da,Da,Ne,Da,Ne,Da,Ne,Da,Da,Da,Da,Da,Da,Da,Da,Da,Da,Da,Da,Da,Sammie Lelliott
Ne,Da,Ne,Da,Ne,Da,Ne,Da,Da,Da,Da,Da,Da,Da,Da,Da,Da,Da,Da,Da,Rowena Wickey
Da,Ne,Ne,Da,Ne,Da,Ne,Da,Da,Da,Da,Da,Da,Da,Da,Da,Da,Da,Da,Da,Rex Kupke
Ne,Ne,Ne,Da,Ne,Da,Ne,Da,Da,Da,Da,Da,Da,Da,Da,Da,Da,Da,Da,Da,Darin Roskelly
Da,Da,Da,Ne,Ne,Da,Ne,Da,Da,Da,Da,Da,Da,Da,Da,Da,Da,Da,Da,Da,Layney Dedenham
Ne,Da,Da,Ne,Ne,Da,Ne,Da,Da,Da,Da,Da,Da,Da,Da,Da,Da,Da,Da,Da,Arte Laydel
Da,Ne,Da,Ne,Ne,Da,Ne,Da,Da,Da,Da,Da,Da,Da,Da,Da,Da,Da,Da,Da,Ingmar Charkham
Ne,Ne,Da,Ne,Ne,Da,Ne,Da,Da,Da,Da,Da,Da,Da,Da,Da,Da,Da,Da,Da,Niels Aitchison
Da,Da,Ne,Ne,Ne,Da,Ne,Da,Da,Da,Da,Da,Da,Da,Da,Da,Da,Da,Da,Da,Pat Blinman
Ne,Da,Ne,Ne,Ne,Da,Ne,Da,Da,Da,Da,Da,Da,Da,Da,Da,Da,Da,Da,Da,Ulla Nolin
Da,Ne,Ne,Ne,Ne,Da,Ne,Da,Da,Da,Da,Da,Da,Da,Da,Da,Da,Da,Da,Da,Ximenez Feldhammer
Ne,Ne,Ne,Ne,Ne,Da,Ne,Da,Da,Da,Da,Da,Da,Da,Da,Da,Da,Da,Da,Da,Neille Duiged
Da,Da,Da,Da,Da,Ne,Ne,Da,Da,Da,Da,Da,Da,Da,Da,Da,Da,Da,Da,Da,Zandra Carrodus
Ne,Da,Da,Da,Da,Ne,Ne,Da,Da,Da,Da,Da,Da,Da,Da,Da,Da,Da,Da,Da,Constantine Adolfsen
Da,Ne,Da,Da,Da,Ne,Ne,Da,Da,Da,Da,Da,Da,Da,Da,Da,Da,Da,Da,Da,Jorrie Warbey
Ne,Ne,Da,Da,Da,Ne,Ne,Da,Da,Da,Da,Da,Da,Da,Da,Da,Da,Da,Da,Da,Kaia Sokale
Da,Da,Ne,Da,Da,Ne,Ne,Da,Da,Da,Da,Da,Da,Da,Da,Da,Da,Da,Da,Da,Barnard Dreghorn
Ne,Da,Ne,Da,Da,Ne,Ne,Da,Da,Da,Da,Da,Da,Da,Da,Da,Da,Da,Da,Da,Nicolas Warman
Da,Ne,Ne,Da,Da,Ne,Ne,Da,Da,Da,Da,Da,Da,Da,Da,Da,Da,Da,Da,Da,Lorette Figg
Ne,Ne,Ne,Da,Da,Ne,Ne,Da,Da,Da,Da,Da,Da,Da,Da,Da,Da,Da,Da,Da,Hildegaard Heinrich
Da,Da,Da,Ne,Da,Ne,Ne,Da,Da,Da,Da,Da,Da,Da,Da,Da,Da,Da,Da,Da,Sebastiano Plaxton
Ne,Da,Da,Ne,Da,Ne,Ne,Da,Da,Da,Da,Da,Da,Da,Da,Da,Da,Da,Da,Da,Morey MacGuffog
Da,Ne,Da,Ne,Da,Ne,Ne,Da,Da,Da,Da,Da,Da,Da,Da,Da,Da,Da,Da,Da,Dinah Alvar
Ne,Ne,Da,Ne,Da,Ne,Ne,Da,Da,Da,Da,Da,Da,Da,Da,Da,Da,Da,Da,Da,Milli Moan
Da,Da,Ne,Ne,Da,Ne,Ne,Da,Da,Da,Da,Da,Da,Da,Da,Da,Da,Da,Da,Da,Modestine Vowles
Ne,Da,Ne,Ne,Da,Ne,Ne,Da,Da,Da,Da,Da,Da,Da,Da,Da,Da,Da,Da,Da,Dal Petrasch
Da,Ne,Ne,Ne,Da,Ne,Ne,Da,Da,Da,Da,Da,Da,Da,Da,Da,Da,Da,Da,Da,Legra Goldthorpe
Ne,Ne,Ne,Ne,Da,Ne,Ne,Da,Da,Da,Da,Da,Da,Da,Da,Da,Da,Da,Da,Da,Roselia Teulier
Da,Da,Da,Da,Ne,Ne,Ne,Da,Da,Da,Da,Da,Da,Da,Da,Da,Da,Da,Da,Da,Dionysus Sapir
Ne,Da,Da,Da,Ne,Ne,Ne,Da,Da,Da,Da,Da,Da,Da,Da,Da,Da,Da,Da,Da,Feodor Kaye
Da,Ne,Da,Da,Ne,Ne,Ne,Da,Da,Da,Da,Da,Da,Da,Da,Da,Da,Da,Da,Da,Eveline Merveille
Ne,Ne,Da,Da,Ne,Ne,Ne,Da,Da,Da,Da,Da,Da,Da,Da,Da,Da,Da,Da,Da,Nina Grinnov
Da,Da,Ne,Da,Ne,Ne,Ne,Da,Da,Da,Da,Da,Da,Da,Da,Da,Da,Da,Da,Da,Isiahi Oakly
Ne,Da,Ne,Da,Ne,Ne,Ne,Da,Da,Da,Da,Da,Da,Da,Da,Da,Da,Da,Da,Da,Joellyn Saenz
Da,Ne,Ne,Da,Ne,Ne,Ne,Da,Da,Da,Da,Da,Da,Da,Da,Da,Da,Da,Da,Da,Jedd Limpertz
Ne,Ne,Ne,Da,Ne,Ne,Ne,Da,Da,Da,Da,Da,Da,Da,Da,Da,Da,Da,Da,Da,Viviene Norbury
Da,Da,Da,Ne,Ne,Ne,Ne,Da,Da,Da,Da,Da,Da,Da,Da,Da,Da,Da,Da,Da,Abagael Banner
Ne,Da,Da,Ne,Ne,Ne,Ne,Da,Da,Da,Da,Da,Da,Da,Da,Da,Da,Da,Da,Da,Ellynn Ruske
Da,Ne,Da,Ne,Ne,Ne,Ne,Da,Da,Da,Da,Da,Da,Da,Da,Da,Da,Da,Da,Da,Patrizia Stranks
Ne,Ne,Da,Ne,Ne,Ne,Ne,Da,Da,Da,Da,Da,Da,Da,Da,Da,Da,Da,Da,Da,Cinda Dallender
Da,Da,Ne,Ne,Ne,Ne,Ne,Da,Da,Da,Da,Da,Da,Da,Da,Da,Da,Da,Da,Da,Demetra Blazhevich
Ne,Da,Ne,Ne,Ne,Ne,Ne,Da,Da,Da,Da,Da,Da,Da,Da,Da,Da,Da,Da,Da,Debbie Willavize
Da,Ne,Ne,Ne,Ne,Ne,Ne,Da,Da,Da,Da,Da,Da,Da,Da,Da,Da,Da,Da,Da,Even Mossdale
Ne,Ne,Ne,Ne,Ne,Ne,Ne,Da,Da,Da,Da,Da,Da,Da,Da,Da,Da,Da,Da,Da,Dur Jachimiak
Da,Da,Da,Da,Da,Da,Da,Ne,Da,Da,Da,Da,Da,Da,Da,Da,Da,Da,Da,Da,Eveleen Elverston
Ne,Da,Da,Da,Da,Da,Da,Ne,Da,Da,Da,Da,Da,Da,Da,Da,Da,Da,Da,Da,Denver Bernet
Da,Ne,Da,Da,Da,Da,Da,Ne,Da,Da,Da,Da,Da,Da,Da,Da,Da,Da,Da,Da,Trescha Trass
Ne,Ne,Da,Da,Da,Da,Da,Ne,Da,Da,Da,Da,Da,Da,Da,Da,Da,Da,Da,Da,Whitney Matfin
Da,Da,Ne,Da,Da,Da,Da,Ne,Da,Da,Da,Da,Da,Da,Da,Da,Da,Da,Da,Da,Gloriana Inkster
Ne,Da,Ne,Da,Da,Da,Da,Ne,Da,Da,Da,Da,Da,Da,Da,Da,Da,Da,Da,Da,York Plaxton
Da,Ne,Ne,Da,Da,Da,Da,Ne,Da,Da,Da,Da,Da,Da,Da,Da,Da,Da,Da,Da,Nerty Janouch
Ne,Ne,Ne,Da,Da,Da,Da,Ne,Da,Da,Da,Da,Da,Da,Da,Da,Da,Da,Da,Da,Xenos Molnar
Da,Da,Da,Ne,Da,Da,Da,Ne,Da,Da,Da,Da,Da,Da,Da,Da,Da,Da,Da,Da,Win Mainds
Ne,Da,Da,Ne,Da,Da,Da,Ne,Da,Da,Da,Da,Da,Da,Da,Da,Da,Da,Da,Da,Mil Rasp
Da,Ne,Da,Ne,Da,Da,Da,Ne,Da,Da,Da,Da,Da,Da,Da,Da,Da,Da,Da,Da,Wynne Pentecost
Ne,Ne,Da,Ne,Da,Da,Da,Ne,Da,Da,Da,Da,Da,Da,Da,Da,Da,Da,Da,Da,Skipton MacCaffrey
Da,Da,Ne,Ne,Da,Da,Da,Ne,Da,Da,Da,Da,Da,Da,Da,Da,Da,Da,Da,Da,Michal McKellen
Ne,Da,Ne,Ne,Da,Da,Da,Ne,Da,Da,Da,Da,Da,Da,Da,Da,Da,Da,Da,Da,Trescha Woodstock
Da,Ne,Ne,Ne,Da,Da,Da,Ne,Da,Da,Da,Da,Da,Da,Da,Da,Da,Da,Da,Da,Laney Roman
Ne,Ne,Ne,Ne,Da,Da,Da,Ne,Da,Da,Da,Da,Da,Da,Da,Da,Da,Da,Da,Da,Margo Bayns
Da,Da,Da,Da,Ne,Da,Da,Ne,Da,Da,Da,Da,Da,Da,Da,Da,Da,Da,Da,Da,Mollee Feirn
Ne,Da,Da,Da,Ne,Da,Da,Ne,Da,Da,Da,Da,Da,Da,Da,Da,Da,Da,Da,Da,Lalo Tresise
Da,Ne,Da,Da,Ne,Da,Da,Ne,Da,Da,Da,Da,Da,Da,Da,Da,Da,Da,Da,Da,Roda Chastel
Ne,Ne,Da,Da,Ne,Da,Da,Ne,Da,Da,Da,Da,Da,Da,Da,Da,Da,Da,Da,Da,Mikel Rontsch
Da,Da,Ne,Da,Ne,Da,Da,Ne,Da,Da,Da,Da,Da,Da,Da,Da,Da,Da,Da,Da,Laurie Pales
Ne,Da,Ne,Da,Ne,Da,Da,Ne,Da,Da,Da,Da,Da,Da,Da,Da,Da,Da,Da,Da,Giraud Colchett
Da,Ne,Ne,Da,Ne,Da,Da,Ne,Da,Da,Da,Da,Da,Da,Da,Da,Da,Da,Da,Da,Lizzie Blazhevich
Ne,Ne,Ne,Da,Ne,Da,Da,Ne,Da,Da,Da,Da,Da,Da,Da,Da,Da,Da,Da,Da,Charmane Cratchley
Da,Da,Da,Ne,Ne,Da,Da,Ne,Da,Da,Da,Da,Da,Da,Da,Da,Da,Da,Da,Da,Currie McDougald
Ne,Da,Da,Ne,Ne,Da,Da,Ne,Da,Da,Da,Da,Da,Da,Da,Da,Da,Da,Da,Da,Robina Huckin
Da,Ne,Da,Ne,Ne,Da,Da,Ne,Da,Da,Da,Da,Da,Da,Da,Da,Da,Da,Da,Da,Joellyn Manicom
Ne,Ne,Da,Ne,Ne,Da,Da,Ne,Da,Da,Da,Da,Da,Da,Da,Da,Da,Da,Da,Da,Jacqueline Dewi
Da,Da,Ne,Ne,Ne,Da,Da,Ne,Da,Da,Da,Da,Da,Da,Da,Da,Da,Da,Da,Da,Ruy Kupke
Ne,Da,Ne,Ne,Ne,Da,Da,Ne,Da,Da,Da,Da,Da,Da,Da,Da,Da,Da,Da,Da,Winslow McGlynn
Da,Ne,Ne,Ne,Ne,Da,Da,Ne,Da,Da,Da,Da,Da,Da,Da,Da,Da,Da,Da,Da,Trstram Benzies
Ne,Ne,Ne,Ne,Ne,Da,Da,Ne,Da,Da,Da,Da,Da,Da,Da,Da,Da,Da,Da,Da,Nikaniki Jacox
Da,Da,Da,Da,Da,Ne,Da,Ne,Da,Da,Da,Da,Da,Da,Da,Da,Da,Da,Da,Da,Margo Sarll
Ne,Da,Da,Da,Da,Ne,Da,Ne,Da,Da,Da,Da,Da,Da,Da,Da,Da,Da,Da,Da,Perrine Morot
Da,Ne,Da,Da,Da,Ne,Da,Ne,Da,Da,Da,Da,Da,Da,Da,Da,Da,Da,Da,Da,Maren Danzelman
Ne,Ne,Da,Da,Da,Ne,Da,Ne,Da,Da,Da,Da,Da,Da,Da,Da,Da,Da,Da,Da,Micheil Heindrick
Da,Da,Ne,Da,Da,Ne,Da,Ne,Da,Da,Da,Da,Da,Da,Da,Da,Da,Da,Da,Da,Herrick Bass
Ne,Da,Ne,Da,Da,Ne,Da,Ne,Da,Da,Da,Da,Da,Da,Da,Da,Da,Da,Da,Da,Di Gianni
Da,Ne,Ne,Da,Da,Ne,Da,Ne,Da,Da,Da,Da,Da,Da,Da,Da,Da,Da,Da,Da,Ashlie Kenafaque
Ne,Ne,Ne,Da,Da,Ne,Da,Ne,Da,Da,Da,Da,Da,Da,Da,Da,Da,Da,Da,Da,Thayne Sokell
Da,Da,Da,Ne,Da,Ne,Da,Ne,Da,Da,Da,Da,Da,Da,Da,Da,Da,Da,Da,Da,Feodora Howels
Ne,Da,Da,Ne,Da,Ne,Da,Ne,Da,Da,Da,Da,Da,Da,Da,Da,Da,Da,Da,Da,Stoddard Verillo
Da,Ne,Da,Ne,Da,Ne,Da,Ne,Da,Da,Da,Da,Da,Da,Da,Da,Da,Da,Da,Da,Cheri McFfaden
Ne,Ne,Da,Ne,Da,Ne,Da,Ne,Da,Da,Da,Da,Da,Da,Da,Da,Da,Da,Da,Da,Stefa Baison
Da,Da,Ne,Ne,Da,Ne,Da,Ne,Da,Da,Da,Da,Da,Da,Da,Da,Da,Da,Da,Da,Mariette Michin
Ne,Da,Ne,Ne,Da,Ne,Da,Ne,Da,Da,Da,Da,Da,Da,Da,Da,Da,Da,Da,Da,Ilise Bolesworth
Da,Ne,Ne,Ne,Da,Ne,Da,Ne,Da,Da,Da,Da,Da,Da,Da,Da,Da,Da,Da,Da,Lorrayne Loweth
Ne,Ne,Ne,Ne,Da,Ne,Da,Ne,Da,Da,Da,Da,Da,Da,Da,Da,Da,Da,Da,Da,Brucie Odd
Da,Da,Da,Da,Ne,Ne,Da,Ne,Da,Da,Da,Da,Da,Da,Da,Da,Da,Da,Da,Da,Rhea Ugoni
Ne,Da,Da,Da,Ne,Ne,Da,Ne,Da,Da,Da,Da,Da,Da,Da,Da,Da,Da,Da,Da,Cristi Sangster
Da,Ne,Da,Da,Ne,Ne,Da,Ne,Da,Da,Da,Da,Da,Da,Da,Da,Da,Da,Da,Da,Bee Arthur
Ne,Ne,Da,Da,Ne,Ne,Da,Ne,Da,Da,Da,Da,Da,Da,Da,Da,Da,Da,Da,Da,Averil Mound
Da,Da,Ne,Da,Ne,Ne,Da,Ne,Da,Da,Da,Da,Da,Da,Da,Da,Da,Da,Da,Da,Vail Rawlingson
Ne,Da,Ne,Da,Ne,Ne,Da,Ne,Da,Da,Da,Da,Da,Da,Da,Da,Da,Da,Da,Da,Major Keepin
Da,Ne,Ne,Da,Ne,Ne,Da,Ne,Da,Da,Da,Da,Da,Da,Da,Da,Da,Da,Da,Da,Weston Baison
Ne,Ne,Ne,Da,Ne,Ne,Da,Ne,Da,Da,Da,Da,Da,Da,Da,Da,Da,Da,Da,Da,Yulma BoHlingolsen
Da,Da,Da,Ne,Ne,Ne,Da,Ne,Da,Da,Da,Da,Da,Da,Da,Da,Da,Da,Da,Da,Grantham Willoughey
Ne,Da,Da,Ne,Ne,Ne,Da,Ne,Da,Da,Da,Da,Da,Da,Da,Da,Da,Da,Da,Da,Olivier Scholcroft
Da,Ne,Da,Ne,Ne,Ne,Da,Ne,Da,Da,Da,Da,Da,Da,Da,Da,Da,Da,Da,Da,Ada Adolfsen
Ne,Ne,Da,Ne,Ne,Ne,Da,Ne,Da,Da,Da,Da,Da,Da,Da,Da,Da,Da,Da,Da,Elbertina Veregan
Da,Da,Ne,Ne,Ne,Ne,Da,Ne,Da,Da,Da,Da,Da,Da,Da,Da,Da,Da,Da,Da,Barthel Castiello
Ne,Da,Ne,Ne,Ne,Ne,Da,Ne,Da,Da,Da,Da,Da,Da,Da,Da,Da,Da,Da,Da,Benita Satterley
Da,Ne,Ne,Ne,Ne,Ne,Da,Ne,Da,Da,Da,Da,Da,Da,Da,Da,Da,Da,Da,Da,Basilius Powell
Ne,Ne,Ne,Ne,Ne,Ne,Da,Ne,Da,Da,Da,Da,Da,Da,Da,Da,Da,Da,Da,Da,Chelsae Peachman
Da,Da,Da,Da,Da,Da,Ne,Ne,Da,Da,Da,Da,Da,Da,Da,Da,Da,Da,Da,Da,Wilona Solomonides
Ne,Da,Da,Da,Da,Da,Ne,Ne,Da,Da,Da,Da,Da,Da,Da,Da,Da,Da,Da,Da,Lisabeth Feldhammer
Da,Ne,Da,Da,Da,Da,Ne,Ne,Da,Da,Da,Da,Da,Da,Da,Da,Da,Da,Da,Da,Elwyn Glenton
Ne,Ne,Da,Da,Da,Da,Ne,Ne,Da,Da,Da,Da,Da,Da,Da,Da,Da,Da,Da,Da,Clayborn Garrard
Da,Da,Ne,Da,Da,Da,Ne,Ne,Da,Da,Da,Da,Da,Da,Da,Da,Da,Da,Da,Da,Kai Emmanuele
Ne,Da,Ne,Da,Da,Da,Ne,Ne,Da,Da,Da,Da,Da,Da,Da,Da,Da,Da,Da,Da,Trudie MacDunleavy
Da,Ne,Ne,Da,Da,Da,Ne,Ne,Da,Da,Da,Da,Da,Da,Da,Da,Da,Da,Da,Da,Wallas Leggan
Ne,Ne,Ne,Da,Da,Da,Ne,Ne,Da,Da,Da,Da,Da,Da,Da,Da,Da,Da,Da,Da,Eugene Bennitt
Da,Da,Da,Ne,Da,Da,Ne,Ne,Da,Da,Da,Da,Da,Da,Da,Da,Da,Da,Da,Da,Evelyn Normansell
Ne,Da,Da,Ne,Da,Da,Ne,Ne,Da,Da,Da,Da,Da,Da,Da,Da,Da,Da,Da,Da,Antony Markie
Da,Ne,Da,Ne,Da,Da,Ne,Ne,Da,Da,Da,Da,Da,Da,Da,Da,Da,Da,Da,Da,Launce Middlemiss
Ne,Ne,Da,Ne,Da,Da,Ne,Ne,Da,Da,Da,Da,Da,Da,Da,Da,Da,Da,Da,Da,Melanie Lilbourne
Da,Da,Ne,Ne,Da,Da,Ne,Ne,Da,Da,Da,Da,Da,Da,Da,Da,Da,Da,Da,Da,Marys Kieran
Ne,Da,Ne,Ne,Da,Da,Ne,Ne,Da,Da,Da,Da,Da,Da,Da,Da,Da,Da,Da,Da,Haslett Scholcroft
Da,Ne,Ne,Ne,Da,Da,Ne,Ne,Da,Da,Da,Da,Da,Da,Da,Da,Da,Da,Da,Da,Jules MacKnocker
Ne,Ne,Ne,Ne,Da,Da,Ne,Ne,Da,Da,Da,Da,Da,Da,Da,Da,Da,Da,Da,Da,Dayle Bispo
Da,Da,Da,Da,Ne,Da,Ne,Ne,Da,Da,Da,Da,Da,Da,Da,Da,Da,Da,Da,Da,Steve Keepin
Ne,Da,Da,Da,Ne,Da,Ne,Ne,Da,Da,Da,Da,Da,Da,Da,Da,Da,Da,Da,Da,Kayne Dench
Da,Ne,Da,Da,Ne,Da,Ne,Ne,Da,Da,Da,Da,Da,Da,Da,Da,Da,Da,Da,Da,Brinna Janouch
Ne,Ne,Da,Da,Ne,Da,Ne,Ne,Da,Da,Da,Da,Da,Da,Da,Da,Da,Da,Da,Da,Karita Meek
Da,Da,Ne,Da,Ne,Da,Ne,Ne,Da,Da,Da,Da,Da,Da,Da,Da,Da,Da,Da,Da,Olia Cianelli
Ne,Da,Ne,Da,Ne,Da,Ne,Ne,Da,Da,Da,Da,Da,Da,Da,Da,Da,Da,Da,Da,Janos Mound
Da,Ne,Ne,Da,Ne,Da,Ne,Ne,Da,Da,Da,Da,Da,Da,Da,Da,Da,Da,Da,Da,Chariot Moscrop
Ne,Ne,Ne,Da,Ne,Da,Ne,Ne,Da,Da,Da,Da,Da,Da,Da,Da,Da,Da,Da,Da,Mikel Shelbourne
Da,Da,Da,Ne,Ne,Da,Ne,Ne,Da,Da,Da,Da,Da,Da,Da,Da,Da,Da,Da,Da,Nikolia Croney
Ne,Da,Da,Ne,Ne,Da,Ne,Ne,Da,Da,Da,Da,Da,Da,Da,Da,Da,Da,Da,Da,Noah Flaxman
Da,Ne,Da,Ne,Ne,Da,Ne,Ne,Da,Da,Da,Da,Da,Da,Da,Da,Da,Da,Da,Da,Gherardo Rusling
Ne,Ne,Da,Ne,Ne,Da,Ne,Ne,Da,Da,Da,Da,Da,Da,Da,Da,Da,Da,Da,Da,Nerissa Standen
Da,Da,Ne,Ne,Ne,Da,Ne,Ne,Da,Da,Da,Da,Da,Da,Da,Da,Da,Da,Da,Da,Jarid Bravington
Ne,Da,Ne,Ne,Ne,Da,Ne,Ne,Da,Da,Da,Da,Da,Da,Da,Da,Da,Da,Da,Da,Anatola Mordecai
Da,Ne,Ne,Ne,Ne,Da,Ne,Ne,Da,Da,Da,Da,Da,Da,Da,Da,Da,Da,Da,Da,Hasheem Ghilardi
Ne,Ne,Ne,Ne,Ne,Da,Ne,Ne,Da,Da,Da,Da,Da,Da,Da,Da,Da,Da,Da,Da,Meta Yanele
Da,Da,Da,Da,Da,Ne,Ne,Ne,Da,Da,Da,Da,Da,Da,Da,Da,Da,Da,Da,Da,Kingsly Keuntje
Ne,Da,Da,Da,Da,Ne,Ne,Ne,Da,Da,Da,Da,Da,Da,Da,Da,Da,Da,Da,Da,Any Rembaud
Da,Ne,Da,Da,Da,Ne,Ne,Ne,Da,Da,Da,Da,Da,Da,Da,Da,Da,Da,Da,Da,Bobbie Fearenside
Ne,Ne,Da,Da,Da,Ne,Ne,Ne,Da,Da,Da,Da,Da,Da,Da,Da,Da,Da,Da,Da,Deloris Meek
Da,Da,Ne,Da,Da,Ne,Ne,Ne,Da,Da,Da,Da,Da,Da,Da,Da,Da,Da,Da,Da,Velvet MacGuffog
Ne,Da,Ne,Da,Da,Ne,Ne,Ne,Da,Da,Da,Da,Da,Da,Da,Da,Da,Da,Da,Da,Huntley Mycock
Da,Ne,Ne,Da,Da,Ne,Ne,Ne,Da,Da,Da,Da,Da,Da,Da,Da,Da,Da,Da,Da,Giordano Cornick
Ne,Ne,Ne,Da,Da,Ne,Ne,Ne,Da,Da,Da,Da,Da,Da,Da,Da,Da,Da,Da,Da,Malia Darree
Da,Da,Da,Ne,Da,Ne,Ne,Ne,Da,Da,Da,Da,Da,Da,Da,Da,Da,Da,Da,Da,Neala Rantoul
Ne,Da,Da,Ne,Da,Ne,Ne,Ne,Da,Da,Da,Da,Da,Da,Da,Da,Da,Da,Da,Da,Leanna Bruckent
Da,Ne,Da,Ne,Da,Ne,Ne,Ne,Da,Da,Da,Da,Da,Da,Da,Da,Da,Da,Da,Da,Clayson Nicholl
Ne,Ne,Da,Ne,Da,Ne,Ne,Ne,Da,Da,Da,Da,Da,Da,Da,Da,Da,Da,Da,Da,Anne Dorbin
Da,Da,Ne,Ne,Da,Ne,Ne,Ne,Da,Da,Da,Da,Da,Da,Da,Da,Da,Da,Da,Da,Arnoldo Winterton
Ne,Da,Ne,Ne,Da,Ne,Ne,Ne,Da,Da,Da,Da,Da,Da,Da,Da,Da,Da,Da,Da,Dodie Adshead
Da,Ne,Ne,Ne,Da,Ne,Ne,Ne,Da,Da,Da,Da,Da,Da,Da,Da,Da,Da,Da,Da,Corby Blagburn
Ne,Ne,Ne,Ne,Da,Ne,Ne,Ne,Da,Da,Da,Da,Da,Da,Da,Da,Da,Da,Da,Da,Denys Edbrooke
Da,Da,Da,Da,Ne,Ne,Ne,Ne,Da,Da,Da,Da,Da,Da,Da,Da,Da,Da,Da,Da,Eloisa Emmett
Ne,Da,Da,Da,Ne,Ne,Ne,Ne,Da,Da,Da,Da,Da,Da,Da,Da,Da,Da,Da,Da,Patrizia Haliday
Da,Ne,Da,Da,Ne,Ne,Ne,Ne,Da,Da,Da,Da,Da,Da,Da,Da,Da,Da,Da,Da,Carlotta Hartburn
Ne,Ne,Da,Da,Ne,Ne,Ne,Ne,Da,Da,Da,Da,Da,Da,Da,Da,Da,Da,Da,Da,Ugo Emmett
Da,Da,Ne,Da,Ne,Ne,Ne,Ne,Da,Da,Da,Da,Da,Da,Da,Da,Da,Da,Da,Da,Hildegaard Bodham
Ne,Da,Ne,Da,Ne,Ne,Ne,Ne,Da,Da,Da,Da,Da,Da,Da,Da,Da,Da,Da,Da,Stacia McFfaden
Da,Ne,Ne,Da,Ne,Ne,Ne,Ne,Da,Da,Da,Da,Da,Da,Da,Da,Da,Da,Da,Da,Ashli Jorissen
Ne,Ne,Ne,Da,Ne,Ne,Ne,Ne,Da,Da,Da,Da,Da,Da,Da,Da,Da,Da,Da,Da,Juanita Belward
Da,Da,Da,Ne,Ne,Ne,Ne,Ne,Da,Da,Da,Da,Da,Da,Da,Da,Da,Da,Da,Da,Karon LeJean
Ne,Da,Da,Ne,Ne,Ne,Ne,Ne,Da,Da,Da,Da,Da,Da,Da,Da,Da,Da,Da,Da,Fifine Skitterel
Da,Ne,Da,Ne,Ne,Ne,Ne,Ne,Da,Da,Da,Da,Da,Da,Da,Da,Da,Da,Da,Da,Leesa Stavers
Ne,Ne,Da,Ne,Ne,Ne,Ne,Ne,Da,Da,Da,Da,Da,Da,Da,Da,Da,Da,Da,Da,Dinah Kalisch
Da,Da,Ne,Ne,Ne,Ne,Ne,Ne,Da,Da,Da,Da,Da,Da,Da,Da,Da,Da,Da,Da,Nikaniki Guinnane
Ne,Da,Ne,Ne,Ne,Ne,Ne,Ne,Da,Da,Da,Da,Da,Da,Da,Da,Da,Da,Da,Da,Alayne Mainds
Da,Ne,Ne,Ne,Ne,Ne,Ne,Ne,Da,Da,Da,Da,Da,Da,Da,Da,Da,Da,Da,Da,Theo Riggott
Ne,Ne,Ne,Ne,Ne,Ne,Ne,Ne,Da,Da,Da,Da,Da,Da,Da,Da,Da,Da,Da,Da,Amber Buick
Da,Da,Da,Da,Da,Da,Da,Da,Ne,Da,Da,Da,Da,Da,Da,Da,Da,Da,Da,Da,Scottie Arthur
Ne,Da,Da,Da,Da,Da,Da,Da,Ne,Da,Da,Da,Da,Da,Da,Da,Da,Da,Da,Da,Alika Laurisch
Da,Ne,Da,Da,Da,Da,Da,Da,Ne,Da,Da,Da,Da,Da,Da,Da,Da,Da,Da,Da,Jecho Sommerlie
Ne,Ne,Da,Da,Da,Da,Da,Da,Ne,Da,Da,Da,Da,Da,Da,Da,Da,Da,Da,Da,Yorke Bodham
Da,Da,Ne,Da,Da,Da,Da,Da,Ne,Da,Da,Da,Da,Da,Da,Da,Da,Da,Da,Da,Florida Hawkslee
Ne,Da,Ne,Da,Da,Da,Da,Da,Ne,Da,Da,Da,Da,Da,Da,Da,Da,Da,Da,Da,Catarina Croney
Da,Ne,Ne,Da,Da,Da,Da,Da,Ne,Da,Da,Da,Da,Da,Da,Da,Da,Da,Da,Da,Derwin Priestnall
Ne,Ne,Ne,Da,Da,Da,Da,Da,Ne,Da,Da,Da,Da,Da,Da,Da,Da,Da,Da,Da,Evyn Warman
Da,Da,Da,Ne,Da,Da,Da,Da,Ne,Da,Da,Da,Da,Da,Da,Da,Da,Da,Da,Da,Aurora Rontsch
Ne,Da,Da,Ne,Da,Da,Da,Da,Ne,Da,Da,Da,Da,Da,Da,Da,Da,Da,Da,Da,Fidela Avis
Da,Ne,Da,Ne,Da,Da,Da,Da,Ne,Da,Da,Da,Da,Da,Da,Da,Da,Da,Da,Da,Lilia Arthur
Ne,Ne,Da,Ne,Da,Da,Da,Da,Ne,Da,Da,Da,Da,Da,Da,Da,Da,Da,Da,Da,Thurstan Jurasz
Da,Da,Ne,Ne,Da,Da,Da,Da,Ne,Da,Da,Da,Da,Da,Da,Da,Da,Da,Da,Da,Kalila Huckin
Ne,Da,Ne,Ne,Da,Da,Da,Da,Ne,Da,Da,Da,Da,Da,Da,Da,Da,Da,Da,Da,Caesar Milward
Da,Ne,Ne,Ne,Da,Da,Da,Da,Ne,Da,Da,Da,Da,Da,Da,Da,Da,Da,Da,Da,Virgil Standage
Ne,Ne,Ne,Ne,Da,Da,Da,Da,Ne,Da,Da,Da,Da,Da,Da,Da,Da,Da,Da,Da,Biddy Howels
Da,Da,Da,Da,Ne,Da,Da,Da,Ne,Da,Da,Da,Da,Da,Da,Da,Da,Da,Da,Da,Elwood Pilmore
Ne,Da,Da,Da,Ne,Da,Da,Da,Ne,Da,Da,Da,Da,Da,Da,Da,Da,Da,Da,Da,Chere Peachman
Da,Ne,Da,Da,Ne,Da,Da,Da,Ne,Da,Da,Da,Da,Da,Da,Da,Da,Da,Da,Da,Krystyna Solomonides
Ne,Ne,Da,Da,Ne,Da,Da,Da,Ne,Da,Da,Da,Da,Da,Da,Da,Da,Da,Da,Da,Basilius Plett
Da,Da,Ne,Da,Ne,Da,Da,Da,Ne,Da,Da,Da,Da,Da,Da,Da,Da,Da,Da,Da,Lannie Eagleton
Ne,Da,Ne,Da,Ne,Da,Da,Da,Ne,Da,Da,Da,Da,Da,Da,Da,Da,Da,Da,Da,Danie Jurasz
Da,Ne,Ne,Da,Ne,Da,Da,Da,Ne,Da,Da,Da,Da,Da,Da,Da,Da,Da,Da,Da,Rachel Scarr
Ne,Ne,Ne,Da,Ne,Da,Da,Da,Ne,Da,Da,Da,Da,Da,Da,Da,Da,Da,Da,Da,Edwina Caudray
Da,Da,Da,Ne,Ne,Da,Da,Da,Ne,Da,Da,Da,Da,Da,Da,Da,Da,Da,Da,Da,Rene Maffeo
Ne,Da,Da,Ne,Ne,Da,Da,Da,Ne,Da,Da,Da,Da,Da,Da,Da,Da,Da,Da,Da,Elbert DeGuerre
Da,Ne,Da,Ne,Ne,Da,Da,Da,Ne,Da,Da,Da,Da,Da,Da,Da,Da,Da,Da,Da,Shepperd Sumbler
Ne,Ne,Da,Ne,Ne,Da,Da,Da,Ne,Da,Da,Da,Da,Da,Da,Da,Da,Da,Da,Da,Alice Corke
Da,Da,Ne,Ne,Ne,Da,Da,Da,Ne,Da,Da,Da,Da,Da,Da,Da,Da,Da,Da,Da,Danika Priestnall
Ne,Da,Ne,Ne,Ne,Da,Da,Da,Ne,Da,Da,Da,Da,Da,Da,Da,Da,Da,Da,Da,Maynard Lecky
Da,Ne,Ne,Ne,Ne,Da,Da,Da,Ne,Da,Da,Da,Da,Da,Da,Da,Da,Da,Da,Da,Maxim Pentecost
Ne,Ne,Ne,Ne,Ne,Da,Da,Da,Ne,Da,Da,Da,Da,Da,Da,Da,Da,Da,Da,Da,Leigh Caldeiro
Da,Da,Da,Da,Da,Ne,Da,Da,Ne,Da,Da,Da,Da,Da,Da,Da,Da,Da,Da,Da,Gunter Caudray
Ne,Da,Da,Da,Da,Ne,Da,Da,Ne,Da,Da,Da,Da,Da,Da,Da,Da,Da,Da,Da,Kai Rawlingson
Da,Ne,Da,Da,Da,Ne,Da,Da,Ne,Da,Da,Da,Da,Da,Da,Da,Da,Da,Da,Da,Morganica Markie
Ne,Ne,Da,Da,Da,Ne,Da,Da,Ne,Da,Da,Da,Da,Da,Da,Da,Da,Da,Da,Da,Currie Walewicz
Da,Da,Ne,Da,Da,Ne,Da,Da,Ne,Da,Da,Da,Da,Da,Da,Da,Da,Da,Da,Da,Clyve Boothebie
Ne,Da,Ne,Da,Da,Ne,Da,Da,Ne,Da,Da,Da,Da,Da,Da,Da,Da,Da,Da,Da,Johanna Langhorn
Da,Ne,Ne,Da,Da,Ne,Da,Da,Ne,Da,Da,Da,Da,Da,Da,Da,Da,Da,Da,Da,Karlan Jorissen
Ne,Ne,Ne,Da,Da,Ne,Da,Da,Ne,Da,Da,Da,Da,Da,Da,Da,Da,Da,Da,Da,Vincent Juhruke
Da,Da,Da,Ne,Da,Ne,Da,Da,Ne,Da,Da,Da,Da,Da,Da,Da,Da,Da,Da,Da,Georgiana Standage
Ne,Da,Da,Ne,Da,Ne,Da,Da,Ne,Da,Da,Da,Da,Da,Da,Da,Da,Da,Da,Da,Debbie Rembaud
Da,Ne,Da,Ne,Da,Ne,Da,Da,Ne,Da,Da,Da,Da,Da,Da,Da,Da,Da,Da,Da,Isa Hysom
Ne,Ne,Da,Ne,Da,Ne,Da,Da,Ne,Da,Da,Da,Da,Da,Da,Da,Da,Da,Da,Da,Xavier Clipson
Da,Da,Ne,Ne,Da,Ne,Da,Da,Ne,Da,Da,Da,Da,Da,Da,Da,Da,Da,Da,Da,Ada Sherrett
Ne,Da,Ne,Ne,Da,Ne,Da,Da,Ne,Da,Da,Da,Da,Da,Da,Da,Da,Da,Da,Da,Horatio Plett
Da,Ne,Ne,Ne,Da,Ne,Da,Da,Ne,Da,Da,Da,Da,Da,Da,Da,Da,Da,Da,Da,Brana Gerrie
Ne,Ne,Ne,Ne,Da,Ne,Da,Da,Ne,Da,Da,Da,Da,Da,Da,Da,Da,Da,Da,Da,Bea Pilmore
Da,Da,Da,Da,Ne,Ne,Da,Da,Ne,Da,Da,Da,Da,Da,Da,Da,Da,Da,Da,Da,Hanson Puckett
Ne,Da,Da,Da,Ne,Ne,Da,Da,Ne,Da,Da,Da,Da,Da,Da,Da,Da,Da,Da,Da,Ricardo Hartburn
Da,Ne,Da,Da,Ne,Ne,Da,Da,Ne,Da,Da,Da,Da,Da,Da,Da,Da,Da,Da,Da,Vere Hazelby
Ne,Ne,Da,Da,Ne,Ne,Da,Da,Ne,Da,Da,Da,Da,Da,Da,Da,Da,Da,Da,Da,Chicky Binning
Da,Da,Ne,Da,Ne,Ne,Da,Da,Ne,Da,Da,Da,Da,Da,Da,Da,Da,Da,Da,Da,Renata Coddrington
Ne,Da,Ne,Da,Ne,Ne,Da,Da,Ne,Da,Da,Da,Da,Da,Da,Da,Da,Da,Da,Da,Olivier Roskelly
Da,Ne,Ne,Da,Ne,Ne,Da,Da,Ne,Da,Da,Da,Da,Da,Da,Da,Da,Da,Da,Da,Clyde Buckthorpe
Ne,Ne,Ne,Da,Ne,Ne,Da,Da,Ne,Da,Da,Da,Da,Da,Da,Da,Da,Da,Da,Da,Laryssa Shelbourne
Da,Da,Da,Ne,Ne,Ne,Da,Da,Ne,Da,Da,Da,Da,Da,Da,Da,Da,Da,Da,Da,Del Arthur
Ne,Da,Da,Ne,Ne,Ne,Da,Da,Ne,Da,Da,Da,Da,Da,Da,Da,Da,Da,Da,Da,Aubrette Dewi
Da,Ne,Da,Ne,Ne,Ne,Da,Da,Ne,Da,Da,Da,Da,Da,Da,Da,Da,Da,Da,Da,Eugene Karppi
Ne,Ne,Da,Ne,Ne,Ne,Da,Da,Ne,Da,Da,Da,Da,Da,Da,Da,Da,Da,Da,Da,Shari Kenafaque
Da,Da,Ne,Ne,Ne,Ne,Da,Da,Ne,Da,Da,Da,Da,Da,Da,Da,Da,Da,Da,Da,Karyl Colenutt
Ne,Da,Ne,Ne,Ne,Ne,Da,Da,Ne,Da,Da,Da,Da,Da,Da,Da,Da,Da,Da,Da,Anne-marie Mordecai
Da,Ne,Ne,Ne,Ne,Ne,Da,Da,Ne,Da,Da,Da,Da,Da,Da,Da,Da,Da,Da,Da,Estella Heinrich
Ne,Ne,Ne,Ne,Ne,Ne,Da,Da,Ne,Da,Da,Da,Da,Da,Da,Da,Da,Da,Da,Da,Bran Mayo
Da,Da,Da,Da,Da,Da,Ne,Da,Ne,Da,Da,Da,Da,Da,Da,Da,Da,Da,Da,Da,Matthias Eagleton
Ne,Da,Da,Da,Da,Da,Ne,Da,Ne,Da,Da,Da,Da,Da,Da,Da,Da,Da,Da,Da,Kean Eye
Da,Ne,Da,Da,Da,Da,Ne,Da,Ne,Da,Da,Da,Da,Da,Da,Da,Da,Da,Da,Da,Debee Lammers
Ne,Ne,Da,Da,Da,Da,Ne,Da,Ne,Da,Da,Da,Da,Da,Da,Da,Da,Da,Da,Da,Arte Riggott
Da,Da,Ne,Da,Da,Da,Ne,Da,Ne,Da,Da,Da,Da,Da,Da,Da,Da,Da,Da,Da,Phillida Avo
Ne,Da,Ne,Da,Da,Da,Ne,Da,Ne,Da,Da,Da,Da,Da,Da,Da,Da,Da,Da,Da,Husain Gammack
Da,Ne,Ne,Da,Da,Da,Ne,Da,Ne,Da,Da,Da,Da,Da,Da,Da,Da,Da,Da,Da,Micheil O'Mullan
Ne,Ne,Ne,Da,Da,Da,Ne,Da,Ne,Da,Da,Da,Da,Da,Da,Da,Da,Da,Da,Da,Mylo Grebner
Da,Da,Da,Ne,Da,Da,Ne,Da,Ne,Da,Da,Da,Da,Da,Da,Da,Da,Da,Da,Da,Gilbertine Linster
Ne,Da,Da,Ne,Da,Da,Ne,Da,Ne,Da,Da,Da,Da,Da,Da,Da,Da,Da,Da,Da,Grace Flaxman
Da,Ne,Da,Ne,Da,Da,Ne,Da,Ne,Da,Da,Da,Da,Da,Da,Da,Da,Da,Da,Da,Errick Tunnicliff
Ne,Ne,Da,Ne,Da,Da,Ne,Da,Ne,Da,Da,Da,Da,Da,Da,Da,Da,Da,Da,Da,Bil Middlemiss
Da,Da,Ne,Ne,Da,Da,Ne,Da,Ne,Da,Da,Da,Da,Da,Da,Da,Da,Da,Da,Da,Lancelot MacDunleavy
Ne,Da,Ne,Ne,Da,Da,Ne,Da,Ne,Da,Da,Da,Da,Da,Da,Da,Da,Da,Da,Da,Chelsae Gribble
Da,Ne,Ne,Ne,Da,Da,Ne,Da,Ne,Da,Da,Da,Da,Da,Da,Da,Da,Da,Da,Da,Alexio Kalisch
Ne,Ne,Ne,Ne,Da,Da,Ne,Da,Ne,Da,Da,Da,Da,Da,Da,Da,Da,Da,Da,Da,Rossy Glendinning
Da,Da,Da,Da,Ne,Da,Ne,Da,Ne,Da,Da,Da,Da,Da,Da,Da,Da,Da,Da,Da,Burt Cowdery
Ne,Da,Da,Da,Ne,Da,Ne,Da,Ne,Da,Da,Da,Da,Da,Da,Da,Da,Da,Da,Da,Hi Scarr
Da,Ne,Da,Da,Ne,Da,Ne,Da,Ne,Da,Da,Da,Da,Da,Da,Da,Da,Da,Da,Da,Mariquilla Birney
Ne,Ne,Da,Da,Ne,Da,Ne,Da,Ne,Da,Da,Da,Da,Da,Da,Da,Da,Da,Da,Da,Isadora Puckett
Da,Da,Ne,Da,Ne,Da,Ne,Da,Ne,Da,Da,Da,Da,Da,Da,Da,Da,Da,Da,Da,Rayshell Hallwood
Ne,Da,Ne,Da,Ne,Da,Ne,Da,Ne,Da,Da,Da,Da,Da,Da,Da,Da,Da,Da,Da,Madge Goude
Da,Ne,Ne,Da,Ne,Da,Ne,Da,Ne,Da,Da,Da,Da,Da,Da,Da,Da,Da,Da,Da,Petronella Hefforde
Ne,Ne,Ne,Da,Ne,Da,Ne,Da,Ne,Da,Da,Da,Da,Da,Da,Da,Da,Da,Da,Da,Flynn Sante
Da,Da,Da,Ne,Ne,Da,Ne,Da,Ne,Da,Da,Da,Da,Da,Da,Da,Da,Da,Da,Da,Bradly Sangster
Ne,Da,Da,Ne,Ne,Da,Ne,Da,Ne,Da,Da,Da,Da,Da,Da,Da,Da,Da,Da,Da,Fidelity Nutbeem
Da,Ne,Da,Ne,Ne,Da,Ne,Da,Ne,Da,Da,Da,Da,Da,Da,Da,Da,Da,Da,Da,Johnathan Dudin
Ne,Ne,Da,Ne,Ne,Da,Ne,Da,Ne,Da,Da,Da,Da,Da,Da,Da,Da,Da,Da,Da,Kelsey Jurasz
Da,Da,Ne,Ne,Ne,Da,Ne,Da,Ne,Da,Da,Da,Da,Da,Da,Da,Da,Da,Da,Da,Peterus Strathearn
Ne,Da,Ne,Ne,Ne,Da,Ne,Da,Ne,Da,Da,Da,Da,Da,Da,Da,Da,Da,Da,Da,Vikky Preator
Da,Ne,Ne,Ne,Ne,Da,Ne,Da,Ne,Da,Da,Da,Da,Da,Da,Da,Da,Da,Da,Da,Spike Markus
Ne,Ne,Ne,Ne,Ne,Da,Ne,Da,Ne,Da,Da,Da,Da,Da,Da,Da,Da,Da,Da,Da,Piggy Meates
Da,Da,Da,Da,Da,Ne,Ne,Da,Ne,Da,Da,Da,Da,Da,Da,Da,Da,Da,Da,Da,Binky Roman
Ne,Da,Da,Da,Da,Ne,Ne,Da,Ne,Da,Da,Da,Da,Da,Da,Da,Da,Da,Da,Da,Lancelot Gribble
Da,Ne,Da,Da,Da,Ne,Ne,Da,Ne,Da,Da,Da,Da,Da,Da,Da,Da,Da,Da,Da,Ario Farmiloe
Ne,Ne,Da,Da,Da,Ne,Ne,Da,Ne,Da,Da,Da,Da,Da,Da,Da,Da,Da,Da,Da,Kelly Mulrean
Da,Da,Ne,Da,Da,Ne,Ne,Da,Ne,Da,Da,Da,Da,Da,Da,Da,Da,Da,Da,Da,Rikki Laffan
Ne,Da,Ne,Da,Da,Ne,Ne,Da,Ne,Da,Da,Da,Da,Da,Da,Da,Da,Da,Da,Da,Anna-diana Warman
Da,Ne,Ne,Da,Da,Ne,Ne,Da,Ne,Da,Da,Da,Da,Da,Da,Da,Da,Da,Da,Da,Ulla Jorissen
Ne,Ne,Ne,Da,Da,Ne,Ne,Da,Ne,Da,Da,Da,Da,Da,Da,Da,Da,Da,Da,Da,Alexio Faull
Da,Da,Da,Ne,Da,Ne,Ne,Da,Ne,Da,Da,Da,Da,Da,Da,Da,Da,Da,Da,Da,Evie Hillyatt
Ne,Da,Da,Ne,Da,Ne,Ne,Da,Ne,Da,Da,Da,Da,Da,Da,Da,Da,Da,Da,Da,Udell Kobelt
Da,Ne,Da,Ne,Da,Ne,Ne,Da,Ne,Da,Da,Da,Da,Da,Da,Da,Da,Da,Da,Da,Maureene Longfield
Ne,Ne,Da,Ne,Da,Ne,Ne,Da,Ne,Da,Da,Da,Da,Da,Da,Da,Da,Da,Da,Da,Arliene Gapper
Da,Da,Ne,Ne,Da,Ne,Ne,Da,Ne,Da,Da,Da,Da,Da,Da,Da,Da,Da,Da,Da,Scottie Lean
Ne,Da,Ne,Ne,Da,Ne,Ne,Da,Ne,Da,Da,Da,Da,Da,Da,Da,Da,Da,Da,Da,Denna DeGuerre
Da,Ne,Ne,Ne,Da,Ne,Ne,Da,Ne,Da,Da,Da,Da,Da,Da,Da,Da,Da,Da,Da,Bessy Heighton
Ne,Ne,Ne,Ne,Da,Ne,Ne,Da,Ne,Da,Da,Da,Da,Da,Da,Da,Da,Da,Da,Da,Darius Milward
Da,Da,Da,Da,Ne,Ne,Ne,Da,Ne,Da,Da,Da,Da,Da,Da,Da,Da,Da,Da,Da,Base Douthwaite
Ne,Da,Da,Da,Ne,Ne,Ne,Da,Ne,Da,Da,Da,Da,Da,Da,Da,Da,Da,Da,Da,Chrysa Milward
Da,Ne,Da,Da,Ne,Ne,Ne,Da,Ne,Da,Da,Da,Da,Da,Da,Da,Da,Da,Da,Da,Lauren Ridoutt
Ne,Ne,Da,Da,Ne,Ne,Ne,Da,Ne,Da,Da,Da,Da,Da,Da,Da,Da,Da,Da,Da,Adoree Nolin
Da,Da,Ne,Da,Ne,Ne,Ne,Da,Ne,Da,Da,Da,Da,Da,Da,Da,Da,Da,Da,Da,Gayla Beagin
Ne,Da,Ne,Da,Ne,Ne,Ne,Da,Ne,Da,Da,Da,Da,Da,Da,Da,Da,Da,Da,Da,Elizabet Scarr
Da,Ne,Ne,Da,Ne,Ne,Ne,Da,Ne,Da,Da,Da,Da,Da,Da,Da,Da,Da,Da,Da,Elene Tatersale
Ne,Ne,Ne,Da,Ne,Ne,Ne,Da,Ne,Da,Da,Da,Da,Da,Da,Da,Da,Da,Da,Da,Oliviero Gasnoll
Da,Da,Da,Ne,Ne,Ne,Ne,Da,Ne,Da,Da,Da,Da,Da,Da,Da,Da,Da,Da,Da,Giraud Swyer
Ne,Da,Da,Ne,Ne,Ne,Ne,Da,Ne,Da,Da,Da,Da,Da,Da,Da,Da,Da,Da,Da,Delainey Lilian
Da,Ne,Da,Ne,Ne,Ne,Ne,Da,Ne,Da,Da,Da,Da,Da,Da,Da,Da,Da,Da,Da,Clarice Banner
Ne,Ne,Da,Ne,Ne,Ne,Ne,Da,Ne,Da,Da,Da,Da,Da,Da,Da,Da,Da,Da,Da,Karoly Bowcock
Da,Da,Ne,Ne,Ne,Ne,Ne,Da,Ne,Da,Da,Da,Da,Da,Da,Da,Da,Da,Da,Da,Rowney Keepin
Ne,Da,Ne,Ne,Ne,Ne,Ne,Da,Ne,Da,Da,Da,Da,Da,Da,Da,Da,Da,Da,Da,Beau Bilyard
Da,Ne,Ne,Ne,Ne,Ne,Ne,Da,Ne,Da,Da,Da,Da,Da,Da,Da,Da,Da,Da,Da,Lanae Nolin
Ne,Ne,Ne,Ne,Ne,Ne,Ne,Da,Ne,Da,Da,Da,Da,Da,Da,Da,Da,Da,Da,Da,Marcus Vowles
Da,Da,Da,Da,Da,Da,Da,Ne,Ne,Da,Da,Da,Da,Da,Da,Da,Da,Da,Da,Da,Floyd Middlemiss
Ne,Da,Da,Da,Da,Da,Da,Ne,Ne,Da,Da,Da,Da,Da,Da,Da,Da,Da,Da,Da,Prudi Felgat
Da,Ne,Da,Da,Da,Da,Da,Ne,Ne,Da,Da,Da,Da,Da,Da,Da,Da,Da,Da,Da,Barney Dener
Ne,Ne,Da,Da,Da,Da,Da,Ne,Ne,Da,Da,Da,Da,Da,Da,Da,Da,Da,Da,Da,Winfield Mullally
Da,Da,Ne,Da,Da,Da,Da,Ne,Ne,Da,Da,Da,Da,Da,Da,Da,Da,Da,Da,Da,Kiele Goodlud
Ne,Da,Ne,Da,Da,Da,Da,Ne,Ne,Da,Da,Da,Da,Da,Da,Da,Da,Da,Da,Da,Paddie Ecob
Da,Ne,Ne,Da,Da,Da,Da,Ne,Ne,Da,Da,Da,Da,Da,Da,Da,Da,Da,Da,Da,Ralina Sottell
Ne,Ne,Ne,Da,Da,Da,Da,Ne,Ne,Da,Da,Da,Da,Da,Da,Da,Da,Da,Da,Da,Neille MacAvddy
Da,Da,Da,Ne,Da,Da,Da,Ne,Ne,Da,Da,Da,Da,Da,Da,Da,Da,Da,Da,Da,Maximilien Tomsa
Ne,Da,Da,Ne,Da,Da,Da,Ne,Ne,Da,Da,Da,Da,Da,Da,Da,Da,Da,Da,Da,Hatti Rexworthy
Da,Ne,Da,Ne,Da,Da,Da,Ne,Ne,Da,Da,Da,Da,Da,Da,Da,Da,Da,Da,Da,Darcy Brocklehurst
Ne,Ne,Da,Ne,Da,Da,Da,Ne,Ne,Da,Da,Da,Da,Da,Da,Da,Da,Da,Da,Da,Rudie Nice
Da,Da,Ne,Ne,Da,Da,Da,Ne,Ne,Da,Da,Da,Da,Da,Da,Da,Da,Da,Da,Da,Hendrick Elverston
Ne,Da,Ne,Ne,Da,Da,Da,Ne,Ne,Da,Da,Da,Da,Da,Da,Da,Da,Da,Da,Da,Jamesy Longea
Da,Ne,Ne,Ne,Da,Da,Da,Ne,Ne,Da,Da,Da,Da,Da,Da,Da,Da,Da,Da,Da,Scott Markie
Ne,Ne,Ne,Ne,Da,Da,Da,Ne,Ne,Da,Da,Da,Da,Da,Da,Da,Da,Da,Da,Da,Susi Boater
Da,Da,Da,Da,Ne,Da,Da,Ne,Ne,Da,Da,Da,Da,Da,Da,Da,Da,Da,Da,Da,Paulie Broschek
Ne,Da,Da,Da,Ne,Da,Da,Ne,Ne,Da,Da,Da,Da,Da,Da,Da,Da,Da,Da,Da,Gracie Stonman
Da,Ne,Da,Da,Ne,Da,Da,Ne,Ne,Da,Da,Da,Da,Da,Da,Da,Da,Da,Da,Da,Ellene Alasdair
Ne,Ne,Da,Da,Ne,Da,Da,Ne,Ne,Da,Da,Da,Da,Da,Da,Da,Da,Da,Da,Da,Shalom Coddrington
Da,Da,Ne,Da,Ne,Da,Da,Ne,Ne,Da,Da,Da,Da,Da,Da,Da,Da,Da,Da,Da,Stanton Adolfsen
Ne,Da,Ne,Da,Ne,Da,Da,Ne,Ne,Da,Da,Da,Da,Da,Da,Da,Da,Da,Da,Da,Alonso Carrodus
Da,Ne,Ne,Da,Ne,Da,Da,Ne,Ne,Da,Da,Da,Da,Da,Da,Da,Da,Da,Da,Da,Charyl McClinton
Ne,Ne,Ne,Da,Ne,Da,Da,Ne,Ne,Da,Da,Da,Da,Da,Da,Da,Da,Da,Da,Da,Renell Purvis
Da,Da,Da,Ne,Ne,Da,Da,Ne,Ne,Da,Da,Da,Da,Da,Da,Da,Da,Da,Da,Da,Rawley Waywell
Ne,Da,Da,Ne,Ne,Da,Da,Ne,Ne,Da,Da,Da,Da,Da,Da,Da,Da,Da,Da,Da,Giuditta D'Elias
Da,Ne,Da,Ne,Ne,Da,Da,Ne,Ne,Da,Da,Da,Da,Da,Da,Da,Da,Da,Da,Da,Ardisj Garber
Ne,Ne,Da,Ne,Ne,Da,Da,Ne,Ne,Da,Da,Da,Da,Da,Da,Da,Da,Da,Da,Da,Halli Mullally
Da,Da,Ne,Ne,Ne,Da,Da,Ne,Ne,Da,Da,Da,Da,Da,Da,Da,Da,Da,Da,Da,Allyn Lamplugh
Ne,Da,Ne,Ne,Ne,Da,Da,Ne,Ne,Da,Da,Da,Da,Da,Da,Da,Da,Da,Da,Da,Haslett Kilmurry
Da,Ne,Ne,Ne,Ne,Da,Da,Ne,Ne,Da,Da,Da,Da,Da,Da,Da,Da,Da,Da,Da,Jolyn Dewen
Ne,Ne,Ne,Ne,Ne,Da,Da,Ne,Ne,Da,Da,Da,Da,Da,Da,Da,Da,Da,Da,Da,Gillian Finci
Da,Da,Da,Da,Da,Ne,Da,Ne,Ne,Da,Da,Da,Da,Da,Da,Da,Da,Da,Da,Da,Leeanne Shelbourne
Ne,Da,Da,Da,Da,Ne,Da,Ne,Ne,Da,Da,Da,Da,Da,Da,Da,Da,Da,Da,Da,Ellene Purvis
Da,Ne,Da,Da,Da,Ne,Da,Ne,Ne,Da,Da,Da,Da,Da,Da,Da,Da,Da,Da,Da,Louise Sommerlie
Ne,Ne,Da,Da,Da,Ne,Da,Ne,Ne,Da,Da,Da,Da,Da,Da,Da,Da,Da,Da,Da,Kirsti McQuilkin
Da,Da,Ne,Da,Da,Ne,Da,Ne,Ne,Da,Da,Da,Da,Da,Da,Da,Da,Da,Da,Da,Oralee Blinman
Ne,Da,Ne,Da,Da,Ne,Da,Ne,Ne,Da,Da,Da,Da,Da,Da,Da,Da,Da,Da,Da,Dara Wickey
Da,Ne,Ne,Da,Da,Ne,Da,Ne,Ne,Da,Da,Da,Da,Da,Da,Da,Da,Da,Da,Da,Tamera Yakobovicz
Ne,Ne,Ne,Da,Da,Ne,Da,Ne,Ne,Da,Da,Da,Da,Da,Da,Da,Da,Da,Da,Da,Bernetta Gribble
Da,Da,Da,Ne,Da,Ne,Da,Ne,Ne,Da,Da,Da,Da,Da,Da,Da,Da,Da,Da,Da,Mead Carrodus
Ne,Da,Da,Ne,Da,Ne,Da,Ne,Ne,Da,Da,Da,Da,Da,Da,Da,Da,Da,Da,Da,Barbabra Keepence
Da,Ne,Da,Ne,Da,Ne,Da,Ne,Ne,Da,Da,Da,Da,Da,Da,Da,Da,Da,Da,Da,Petunia Loyndon
Ne,Ne,Da,Ne,Da,Ne,Da,Ne,Ne,Da,Da,Da,Da,Da,Da,Da,Da,Da,Da,Da,Cinda Middlemiss
Da,Da,Ne,Ne,Da,Ne,Da,Ne,Ne,Da,Da,Da,Da,Da,Da,Da,Da,Da,Da,Da,Doralynne Nice
Ne,Da,Ne,Ne,Da,Ne,Da,Ne,Ne,Da,Da,Da,Da,Da,Da,Da,Da,Da,Da,Da,Dena Aubray
Da,Ne,Ne,Ne,Da,Ne,Da,Ne,Ne,Da,Da,Da,Da,Da,Da,Da,Da,Da,Da,Da,Teddy Goulbourne
Ne,Ne,Ne,Ne,Da,Ne,Da,Ne,Ne,Da,Da,Da,Da,Da,Da,Da,Da,Da,Da,Da,Nikaniki Lovat
Da,Da,Da,Da,Ne,Ne,Da,Ne,Ne,Da,Da,Da,Da,Da,Da,Da,Da,Da,Da,Da,Lawton Verillo
Ne,Da,Da,Da,Ne,Ne,Da,Ne,Ne,Da,Da,Da,Da,Da,Da,Da,Da,Da,Da,Da,Robinet Malatalant
Da,Ne,Da,Da,Ne,Ne,Da,Ne,Ne,Da,Da,Da,Da,Da,Da,Da,Da,Da,Da,Da,Ainslee Ulyatt
Ne,Ne,Da,Da,Ne,Ne,Da,Ne,Ne,Da,Da,Da,Da,Da,Da,Da,Da,Da,Da,Da,Yetty Kippen
Da,Da,Ne,Da,Ne,Ne,Da,Ne,Ne,Da,Da,Da,Da,Da,Da,Da,Da,Da,Da,Da,Ezechiel Rielly
Ne,Da,Ne,Da,Ne,Ne,Da,Ne,Ne,Da,Da,Da,Da,Da,Da,Da,Da,Da,Da,Da,Piggy Arsnell
Da,Ne,Ne,Da,Ne,Ne,Da,Ne,Ne,Da,Da,Da,Da,Da,Da,Da,Da,Da,Da,Da,Alleyn Liggett
Ne,Ne,Ne,Da,Ne,Ne,Da,Ne,Ne,Da,Da,Da,Da,Da,Da,Da,Da,Da,Da,Da,Margo McQuilkin
Da,Da,Da,Ne,Ne,Ne,Da,Ne,Ne,Da,Da,Da,Da,Da,Da,Da,Da,Da,Da,Da,Lucius Feirn
Ne,Da,Da,Ne,Ne,Ne,Da,Ne,Ne,Da,Da,Da,Da,Da,Da,Da,Da,Da,Da,Da,Currie Westcarr
Da,Ne,Da,Ne,Ne,Ne,Da,Ne,Ne,Da,Da,Da,Da,Da,Da,Da,Da,Da,Da,Da,Bowie Sante
Ne,Ne,Da,Ne,Ne,Ne,Da,Ne,Ne,Da,Da,Da,Da,Da,Da,Da,Da,Da,Da,Da,Willis Garwood
Da,Da,Ne,Ne,Ne,Ne,Da,Ne,Ne,Da,Da,Da,Da,Da,Da,Da,Da,Da,Da,Da,Ludvig Klehyn
Ne,Da,Ne,Ne,Ne,Ne,Da,Ne,Ne,Da,Da,Da,Da,Da,Da,Da,Da,Da,Da,Da,Waly Blasik
Da,Ne,Ne,Ne,Ne,Ne,Da,Ne,Ne,Da,Da,Da,Da,Da,Da,Da,Da,Da,Da,Da,Emmey Skoate
Ne,Ne,Ne,Ne,Ne,Ne,Da,Ne,Ne,Da,Da,Da,Da,Da,Da,Da,Da,Da,Da,Da,Dean Hysom
Da,Da,Da,Da,Da,Da,Ne,Ne,Ne,Da,Da,Da,Da,Da,Da,Da,Da,Da,Da,Da,Penrod Orsay
Ne,Da,Da,Da,Da,Da,Ne,Ne,Ne,Da,Da,Da,Da,Da,Da,Da,Da,Da,Da,Da,Leland Bailes
Da,Ne,Da,Da,Da,Da,Ne,Ne,Ne,Da,Da,Da,Da,Da,Da,Da,Da,Da,Da,Da,Kiah Mound
Ne,Ne,Da,Da,Da,Da,Ne,Ne,Ne,Da,Da,Da,Da,Da,Da,Da,Da,Da,Da,Da,Teddy Sisnett
Da,Da,Ne,Da,Da,Da,Ne,Ne,Ne,Da,Da,Da,Da,Da,Da,Da,Da,Da,Da,Da,Hans Howselee
Ne,Da,Ne,Da,Da,Da,Ne,Ne,Ne,Da,Da,Da,Da,Da,Da,Da,Da,Da,Da,Da,Jesse Taberner
Da,Ne,Ne,Da,Da,Da,Ne,Ne,Ne,Da,Da,Da,Da,Da,Da,Da,Da,Da,Da,Da,Dynah Stewartson
Ne,Ne,Ne,Da,Da,Da,Ne,Ne,Ne,Da,Da,Da,Da,Da,Da,Da,Da,Da,Da,Da,Marice Caplis
Da,Da,Da,Ne,Da,Da,Ne,Ne,Ne,Da,Da,Da,Da,Da,Da,Da,Da,Da,Da,Da,Lydie Shawley
Ne,Da,Da,Ne,Da,Da,Ne,Ne,Ne,Da,Da,Da,Da,Da,Da,Da,Da,Da,Da,Da,Margit Battisson
Da,Ne,Da,Ne,Da,Da,Ne,Ne,Ne,Da,Da,Da,Da,Da,Da,Da,Da,Da,Da,Da,Court Caplis
Ne,Ne,Da,Ne,Da,Da,Ne,Ne,Ne,Da,Da,Da,Da,Da,Da,Da,Da,Da,Da,Da,Rees Bianco
Da,Da,Ne,Ne,Da,Da,Ne,Ne,Ne,Da,Da,Da,Da,Da,Da,Da,Da,Da,Da,Da,Waly Sokale
Ne,Da,Ne,Ne,Da,Da,Ne,Ne,Ne,Da,Da,Da,Da,Da,Da,Da,Da,Da,Da,Da,Husain Jacox
Da,Ne,Ne,Ne,Da,Da,Ne,Ne,Ne,Da,Da,Da,Da,Da,Da,Da,Da,Da,Da,Da,Chaddy Waywell
Ne,Ne,Ne,Ne,Da,Da,Ne,Ne,Ne,Da,Da,Da,Da,Da,Da,Da,Da,Da,Da,Da,Archer Leggan
Da,Da,Da,Da,Ne,Da,Ne,Ne,Ne,Da,Da,Da,Da,Da,Da,Da,Da,Da,Da,Da,Rosina Trass
Ne,Da,Da,Da,Ne,Da,Ne,Ne,Ne,Da,Da,Da,Da,Da,Da,Da,Da,Da,Da,Da,Hadlee Middlemiss
Da,Ne,Da,Da,Ne,Da,Ne,Ne,Ne,Da,Da,Da,Da,Da,Da,Da,Da,Da,Da,Da,Dun Sallan
Ne,Ne,Da,Da,Ne,Da,Ne,Ne,Ne,Da,Da,Da,Da,Da,Da,Da,Da,Da,Da,Da,Nancy Callacher
Da,Da,Ne,Da,Ne,Da,Ne,Ne,Ne,Da,Da,Da,Da,Da,Da,Da,Da,Da,Da,Da,Major Vennard
Ne,Da,Ne,Da,Ne,Da,Ne,Ne,Ne,Da,Da,Da,Da,Da,Da,Da,Da,Da,Da,Da,Stern Tomsa
Da,Ne,Ne,Da,Ne,Da,Ne,Ne,Ne,Da,Da,Da,Da,Da,Da,Da,Da,Da,Da,Da,Tamma Teulier
Ne,Ne,Ne,Da,Ne,Da,Ne,Ne,Ne,Da,Da,Da,Da,Da,Da,Da,Da,Da,Da,Da,Stephanie Berisford
Da,Da,Da,Ne,Ne,Da,Ne,Ne,Ne,Da,Da,Da,Da,Da,Da,Da,Da,Da,Da,Da,Catharina Krzyzaniak
Ne,Da,Da,Ne,Ne,Da,Ne,Ne,Ne,Da,Da,Da,Da,Da,Da,Da,Da,Da,Da,Da,Derrick Hawkslee
Da,Ne,Da,Ne,Ne,Da,Ne,Ne,Ne,Da,Da,Da,Da,Da,Da,Da,Da,Da,Da,Da,Juanita Kynder
Ne,Ne,Da,Ne,Ne,Da,Ne,Ne,Ne,Da,Da,Da,Da,Da,Da,Da,Da,Da,Da,Da,Jenn Aers
Da,Da,Ne,Ne,Ne,Da,Ne,Ne,Ne,Da,Da,Da,Da,Da,Da,Da,Da,Da,Da,Da,Seumas O'Mullan
Ne,Da,Ne,Ne,Ne,Da,Ne,Ne,Ne,Da,Da,Da,Da,Da,Da,Da,Da,Da,Da,Da,Erma Shelbourne
Da,Ne,Ne,Ne,Ne,Da,Ne,Ne,Ne,Da,Da,Da,Da,Da,Da,Da,Da,Da,Da,Da,Grayce Gummer
Ne,Ne,Ne,Ne,Ne,Da,Ne,Ne,Ne,Da,Da,Da,Da,Da,Da,Da,Da,Da,Da,Da,Ardisj Klemz
Da,Da,Da,Da,Da,Ne,Ne,Ne,Ne,Da,Da,Da,Da,Da,Da,Da,Da,Da,Da,Da,Stefa Renne
Ne,Da,Da,Da,Da,Ne,Ne,Ne,Ne,Da,Da,Da,Da,Da,Da,Da,Da,Da,Da,Da,Micky Angelini
Da,Ne,Da,Da,Da,Ne,Ne,Ne,Ne,Da,Da,Da,Da,Da,Da,Da,Da,Da,Da,Da,Ogdan Malatalant
Ne,Ne,Da,Da,Da,Ne,Ne,Ne,Ne,Da,Da,Da,Da,Da,Da,Da,Da,Da,Da,Da,Wilona Limpertz
Da,Da,Ne,Da,Da,Ne,Ne,Ne,Ne,Da,Da,Da,Da,Da,Da,Da,Da,Da,Da,Da,Tracy Nottingham
Ne,Da,Ne,Da,Da,Ne,Ne,Ne,Ne,Da,Da,Da,Da,Da,Da,Da,Da,Da,Da,Da,Mead Seater
Da,Ne,Ne,Da,Da,Ne,Ne,Ne,Ne,Da,Da,Da,Da,Da,Da,Da,Da,Da,Da,Da,Darwin Moscrop
Ne,Ne,Ne,Da,Da,Ne,Ne,Ne,Ne,Da,Da,Da,Da,Da,Da,Da,Da,Da,Da,Da,Twila Standage
Da,Da,Da,Ne,Da,Ne,Ne,Ne,Ne,Da,Da,Da,Da,Da,Da,Da,Da,Da,Da,Da,Johnathon Walewicz
Ne,Da,Da,Ne,Da,Ne,Ne,Ne,Ne,Da,Da,Da,Da,Da,Da,Da,Da,Da,Da,Da,Alana Wehden
Da,Ne,Da,Ne,Da,Ne,Ne,Ne,Ne,Da,Da,Da,Da,Da,Da,Da,Da,Da,Da,Da,Eziechiele Bohey
Ne,Ne,Da,Ne,Da,Ne,Ne,Ne,Ne,Da,Da,Da,Da,Da,Da,Da,Da,Da,Da,Da,Graham Pemberton
Da,Da,Ne,Ne,Da,Ne,Ne,Ne,Ne,Da,Da,Da,Da,Da,Da,Da,Da,Da,Da,Da,Erich Oakly
Ne,Da,Ne,Ne,Da,Ne,Ne,Ne,Ne,Da,Da,Da,Da,Da,Da,Da,Da,Da,Da,Da,Fionnula Arsnell
Da,Ne,Ne,Ne,Da,Ne,Ne,Ne,Ne,Da,Da,Da,Da,Da,Da,Da,Da,Da,Da,Da,Hedwig Severns
Ne,Ne,Ne,Ne,Da,Ne,Ne,Ne,Ne,Da,Da,Da,Da,Da,Da,Da,Da,Da,Da,Da,Eddie Beden
Da,Da,Da,Da,Ne,Ne,Ne,Ne,Ne,Da,Da,Da,Da,Da,Da,Da,Da,Da,Da,Da,Ellsworth Moscrop
Ne,Da,Da,Da,Ne,Ne,Ne,Ne,Ne,Da,Da,Da,Da,Da,Da,Da,Da,Da,Da,Da,Kameko Longea
Da,Ne,Da,Da,Ne,Ne,Ne,Ne,Ne,Da,Da,Da,Da,Da,Da,Da,Da,Da,Da,Da,Nonah Engall
Ne,Ne,Da,Da,Ne,Ne,Ne,Ne,Ne,Da,Da,Da,Da,Da,Da,Da,Da,Da,Da,Da,Corby Sherebrook
Da,Da,Ne,Da,Ne,Ne,Ne,Ne,Ne,Da,Da,Da,Da,Da,Da,Da,Da,Da,Da,Da,Kai Seleway
Ne,Da,Ne,Da,Ne,Ne,Ne,Ne,Ne,Da,Da,Da,Da,Da,Da,Da,Da,Da,Da,Da,Georas Curreen
Da,Ne,Ne,Da,Ne,Ne,Ne,Ne,Ne,Da,Da,Da,Da,Da,Da,Da,Da,Da,Da,Da,Che Trenouth
Ne,Ne,Ne,Da,Ne,Ne,Ne,Ne,Ne,Da,Da,Da,Da,Da,Da,Da,Da,Da,Da,Da,Jocelyn Lecky
Da,Da,Da,Ne,Ne,Ne,Ne,Ne,Ne,Da,Da,Da,Da,Da,Da,Da,Da,Da,Da,Da,Bibbie Prestidge
Ne,Da,Da,Ne,Ne,Ne,Ne,Ne,Ne,Da,Da,Da,Da,Da,Da,Da,Da,Da,Da,Da,Forster Tresise
Da,Ne,Da,Ne,Ne,Ne,Ne,Ne,Ne,Da,Da,Da,Da,Da,Da,Da,Da,Da,Da,Da,Jeramey Innett
Ne,Ne,Da,Ne,Ne,Ne,Ne,Ne,Ne,Da,Da,Da,Da,Da,Da,Da,Da,Da,Da,Da,Anna-diana Hanscom
Da,Da,Ne,Ne,Ne,Ne,Ne,Ne,Ne,Da,Da,Da,Da,Da,Da,Da,Da,Da,Da,Da,Joellen Rexworthy
Ne,Da,Ne,Ne,Ne,Ne,Ne,Ne,Ne,Da,Da,Da,Da,Da,Da,Da,Da,Da,Da,Da,Xylina Kees
Da,Ne,Ne,Ne,Ne,Ne,Ne,Ne,Ne,Da,Da,Da,Da,Da,Da,Da,Da,Da,Da,Da,Bernice Gadie
Ne,Ne,Ne,Ne,Ne,Ne,Ne,Ne,Ne,Da,Da,Da,Da,Da,Da,Da,Da,Da,Da,Da,Ammamaria Lovat
Da,Da,Da,Da,Da,Da,Da,Da,Da,Ne,Da,Da,Da,Da,Da,Da,Da,Da,Da,Da,Catarina Duiged
Ne,Da,Da,Da,Da,Da,Da,Da,Da,Ne,Da,Da,Da,Da,Da,Da,Da,Da,Da,Da,Tristam McClinton
Da,Ne,Da,Da,Da,Da,Da,Da,Da,Ne,Da,Da,Da,Da,Da,Da,Da,Da,Da,Da,Goddard Seid
Ne,Ne,Da,Da,Da,Da,Da,Da,Da,Ne,Da,Da,Da,Da,Da,Da,Da,Da,Da,Da,Giraud Crewther
Da,Da,Ne,Da,Da,Da,Da,Da,Da,Ne,Da,Da,Da,Da,Da,Da,Da,Da,Da,Da,Tisha Moreno
Ne,Da,Ne,Da,Da,Da,Da,Da,Da,Ne,Da,Da,Da,Da,Da,Da,Da,Da,Da,Da,Geoffrey McMenamie
Da,Ne,Ne,Da,Da,Da,Da,Da,Da,Ne,Da,Da,Da,Da,Da,Da,Da,Da,Da,Da,Adan Binning
Ne,Ne,Ne,Da,Da,Da,Da,Da,Da,Ne,Da,Da,Da,Da,Da,Da,Da,Da,Da,Da,Marshall Middlemiss
Da,Da,Da,Ne,Da,Da,Da,Da,Da,Ne,Da,Da,Da,Da,Da,Da,Da,Da,Da,Da,Malvin Mulrean
Ne,Da,Da,Ne,Da,Da,Da,Da,Da,Ne,Da,Da,Da,Da,Da,Da,Da,Da,Da,Da,Borg Dallemore
Da,Ne,Da,Ne,Da,Da,Da,Da,Da,Ne,Da,Da,Da,Da,Da,Da,Da,Da,Da,Da,Elmo Edbrooke
Ne,Ne,Da,Ne,Da,Da,Da,Da,Da,Ne,Da,Da,Da,Da,Da,Da,Da,Da,Da,Da,Sadie Dyott
Da,Da,Ne,Ne,Da,Da,Da,Da,Da,Ne,Da,Da,Da,Da,Da,Da,Da,Da,Da,Da,Theobald Lecky
Ne,Da,Ne,Ne,Da,Da,Da,Da,Da,Ne,Da,Da,Da,Da,Da,Da,Da,Da,Da,Da,Zacharie Coddrington
Da,Ne,Ne,Ne,Da,Da,Da,Da,Da,Ne,Da,Da,Da,Da,Da,Da,Da,Da,Da,Da,Fifine Arsnell
Ne,Ne,Ne,Ne,Da,Da,Da,Da,Da,Ne,Da,Da,Da,Da,Da,Da,Da,Da,Da,Da,Coralyn Milward
Da,Da,Da,Da,Ne,Da,Da,Da,Da,Ne,Da,Da,Da,Da,Da,Da,Da,Da,Da,Da,Ada Fronzek
Ne,Da,Da,Da,Ne,Da,Da,Da,Da,Ne,Da,Da,Da,Da,Da,Da,Da,Da,Da,Da,Bran Rushsorth
Da,Ne,Da,Da,Ne,Da,Da,Da,Da,Ne,Da,Da,Da,Da,Da,Da,Da,Da,Da,Da,Tades Bagehot
Ne,Ne,Da,Da,Ne,Da,Da,Da,Da,Ne,Da,Da,Da,Da,Da,Da,Da,Da,Da,Da,Claribel Patient
Da,Da,Ne,Da,Ne,Da,Da,Da,Da,Ne,Da,Da,Da,Da,Da,Da,Da,Da,Da,Da,Laureen Ellesmere
Ne,Da,Ne,Da,Ne,Da,Da,Da,Da,Ne,Da,Da,Da,Da,Da,Da,Da,Da,Da,Da,Stephanus Manicom
Da,Ne,Ne,Da,Ne,Da,Da,Da,Da,Ne,Da,Da,Da,Da,Da,Da,Da,Da,Da,Da,Eugenia Blazhevich
Ne,Ne,Ne,Da,Ne,Da,Da,Da,Da,Ne,Da,Da,Da,Da,Da,Da,Da,Da,Da,Da,Felecia Fruchter
Da,Da,Da,Ne,Ne,Da,Da,Da,Da,Ne,Da,Da,Da,Da,Da,Da,Da,Da,Da,Da,Teresina DeMaria
Ne,Da,Da,Ne,Ne,Da,Da,Da,Da,Ne,Da,Da,Da,Da,Da,Da,Da,Da,Da,Da,Chrissie Kave
Da,Ne,Da,Ne,Ne,Da,Da,Da,Da,Ne,Da,Da,Da,Da,Da,Da,Da,Da,Da,Da,Nina Mouland
Ne,Ne,Da,Ne,Ne,Da,Da,Da,Da,Ne,Da,Da,Da,Da,Da,Da,Da,Da,Da,Da,Spike Blackstock
Da,Da,Ne,Ne,Ne,Da,Da,Da,Da,Ne,Da,Da,Da,Da,Da,Da,Da,Da,Da,Da,Reg Plaxton
Ne,Da,Ne,Ne,Ne,Da,Da,Da,Da,Ne,Da,Da,Da,Da,Da,Da,Da,Da,Da,Da,Perrine Moreno
Da,Ne,Ne,Ne,Ne,Da,Da,Da,Da,Ne,Da,Da,Da,Da,Da,Da,Da,Da,Da,Da,Petey Monan
Ne,Ne,Ne,Ne,Ne,Da,Da,Da,Da,Ne,Da,Da,Da,Da,Da,Da,Da,Da,Da,Da,Lizzie Glendinning
Da,Da,Da,Da,Da,Ne,Da,Da,Da,Ne,Da,Da,Da,Da,Da,Da,Da,Da,Da,Da,Dorry Trenouth
Ne,Da,Da,Da,Da,Ne,Da,Da,Da,Ne,Da,Da,Da,Da,Da,Da,Da,Da,Da,Da,Leodora Taplow
Da,Ne,Da,Da,Da,Ne,Da,Da,Da,Ne,Da,Da,Da,Da,Da,Da,Da,Da,Da,Da,Prissie Boulde
Ne,Ne,Da,Da,Da,Ne,Da,Da,Da,Ne,Da,Da,Da,Da,Da,Da,Da,Da,Da,Da,Toddie Stonner
Da,Da,Ne,Da,Da,Ne,Da,Da,Da,Ne,Da,Da,Da,Da,Da,Da,Da,Da,Da,Da,Major Laxen
Ne,Da,Ne,Da,Da,Ne,Da,Da,Da,Ne,Da,Da,Da,Da,Da,Da,Da,Da,Da,Da,Gordy Sowray
Da,Ne,Ne,Da,Da,Ne,Da,Da,Da,Ne,Da,Da,Da,Da,Da,Da,Da,Da,Da,Da,Darrel Janouch
Ne,Ne,Ne,Da,Da,Ne,Da,Da,Da,Ne,Da,Da,Da,Da,Da,Da,Da,Da,Da,Da,Emyle Sangster
Da,Da,Da,Ne,Da,Ne,Da,Da,Da,Ne,Da,Da,Da,Da,Da,Da,Da,Da,Da,Da,Forster Angelini
Ne,Da,Da,Ne,Da,Ne,Da,Da,Da,Ne,Da,Da,Da,Da,Da,Da,Da,Da,Da,Da,Inglis Flay
Da,Ne,Da,Ne,Da,Ne,Da,Da,Da,Ne,Da,Da,Da,Da,Da,Da,Da,Da,Da,Da,Hugo Goude
Ne,Ne,Da,Ne,Da,Ne,Da,Da,Da,Ne,Da,Da,Da,Da,Da,Da,Da,Da,Da,Da,Jolie Woodstock
Da,Da,Ne,Ne,Da,Ne,Da,Da,Da,Ne,Da,Da,Da,Da,Da,Da,Da,Da,Da,Da,Ricky Grebner
Ne,Da,Ne,Ne,Da,Ne,Da,Da,Da,Ne,Da,Da,Da,Da,Da,Da,Da,Da,Da,Da,Lanae Bodham
Da,Ne,Ne,Ne,Da,Ne,Da,Da,Da,Ne,Da,Da,Da,Da,Da,Da,Da,Da,Da,Da,Freedman Shortall
Ne,Ne,Ne,Ne,Da,Ne,Da,Da,Da,Ne,Da,Da,Da,Da,Da,Da,Da,Da,Da,Da,Laney Hollows
Da,Da,Da,Da,Ne,Ne,Da,Da,Da,Ne,Da,Da,Da,Da,Da,Da,Da,Da,Da,Da,Loy Lancett
Ne,Da,Da,Da,Ne,Ne,Da,Da,Da,Ne,Da,Da,Da,Da,Da,Da,Da,Da,Da,Da,Osbert Gisbourn
Da,Ne,Da,Da,Ne,Ne,Da,Da,Da,Ne,Da,Da,Da,Da,Da,Da,Da,Da,Da,Da,Velvet Standage
Ne,Ne,Da,Da,Ne,Ne,Da,Da,Da,Ne,Da,Da,Da,Da,Da,Da,Da,Da,Da,Da,Marice Dallender
Da,Da,Ne,Da,Ne,Ne,Da,Da,Da,Ne,Da,Da,Da,Da,Da,Da,Da,Da,Da,Da,Brantley Shaefer
Ne,Da,Ne,Da,Ne,Ne,Da,Da,Da,Ne,Da,Da,Da,Da,Da,Da,Da,Da,Da,Da,Damon Shiel
Da,Ne,Ne,Da,Ne,Ne,Da,Da,Da,Ne,Da,Da,Da,Da,Da,Da,Da,Da,Da,Da,Sauveur Pemberton
Ne,Ne,Ne,Da,Ne,Ne,Da,Da,Da,Ne,Da,Da,Da,Da,Da,Da,Da,Da,Da,Da,Ernestus Smewing
Da,Da,Da,Ne,Ne,Ne,Da,Da,Da,Ne,Da,Da,Da,Da,Da,Da,Da,Da,Da,Da,Hatty Corke
Ne,Da,Da,Ne,Ne,Ne,Da,Da,Da,Ne,Da,Da,Da,Da,Da,Da,Da,Da,Da,Da,Lanny Done
Da,Ne,Da,Ne,Ne,Ne,Da,Da,Da,Ne,Da,Da,Da,Da,Da,Da,Da,Da,Da,Da,Daryn Forcer
Ne,Ne,Da,Ne,Ne,Ne,Da,Da,Da,Ne,Da,Da,Da,Da,Da,Da,Da,Da,Da,Da,Lissy Joao
Da,Da,Ne,Ne,Ne,Ne,Da,Da,Da,Ne,Da,Da,Da,Da,Da,Da,Da,Da,Da,Da,Win Glenton
Ne,Da,Ne,Ne,Ne,Ne,Da,Da,Da,Ne,Da,Da,Da,Da,Da,Da,Da,Da,Da,Da,Goddard Caswill
Da,Ne,Ne,Ne,Ne,Ne,Da,Da,Da,Ne,Da,Da,Da,Da,Da,Da,Da,Da,Da,Da,Creigh Salzberg
Ne,Ne,Ne,Ne,Ne,Ne,Da,Da,Da,Ne,Da,Da,Da,Da,Da,Da,Da,Da,Da,Da,Roderigo Klemz
Da,Da,Da,Da,Da,Da,Ne,Da,Da,Ne,Da,Da,Da,Da,Da,Da,Da,Da,Da,Da,Gipsy Caswill
Ne,Da,Da,Da,Da,Da,Ne,Da,Da,Ne,Da,Da,Da,Da,Da,Da,Da,Da,Da,Da,Sax Vennard
Da,Ne,Da,Da,Da,Da,Ne,Da,Da,Ne,Da,Da,Da,Da,Da,Da,Da,Da,Da,Da,Brier Seid
Ne,Ne,Da,Da,Da,Da,Ne,Da,Da,Ne,Da,Da,Da,Da,Da,Da,Da,Da,Da,Da,Curr McConnulty
Da,Da,Ne,Da,Da,Da,Ne,Da,Da,Ne,Da,Da,Da,Da,Da,Da,Da,Da,Da,Da,Lisa Petrello
Ne,Da,Ne,Da,Da,Da,Ne,Da,Da,Ne,Da,Da,Da,Da,Da,Da,Da,Da,Da,Da,Nisse Aronsohn
Da,Ne,Ne,Da,Da,Da,Ne,Da,Da,Ne,Da,Da,Da,Da,Da,Da,Da,Da,Da,Da,Ilise Severns
Ne,Ne,Ne,Da,Da,Da,Ne,Da,Da,Ne,Da,Da,Da,Da,Da,Da,Da,Da,Da,Da,Jarrad Colenutt
Da,Da,Da,Ne,Da,Da,Ne,Da,Da,Ne,Da,Da,Da,Da,Da,Da,Da,Da,Da,Da,Jany Mervyn
Ne,Da,Da,Ne,Da,Da,Ne,Da,Da,Ne,Da,Da,Da,Da,Da,Da,Da,Da,Da,Da,Freedman Dewi
Da,Ne,Da,Ne,Da,Da,Ne,Da,Da,Ne,Da,Da,Da,Da,Da,Da,Da,Da,Da,Da,Forster Strathearn
Ne,Ne,Da,Ne,Da,Da,Ne,Da,Da,Ne,Da,Da,Da,Da,Da,Da,Da,Da,Da,Da,Cassandry Norbury
Da,Da,Ne,Ne,Da,Da,Ne,Da,Da,Ne,Da,Da,Da,Da,Da,Da,Da,Da,Da,Da,Caldwell Addionisio
Ne,Da,Ne,Ne,Da,Da,Ne,Da,Da,Ne,Da,Da,Da,Da,Da,Da,Da,Da,Da,Da,Sabrina Hallwood
Da,Ne,Ne,Ne,Da,Da,Ne,Da,Da,Ne,Da,Da,Da,Da,Da,Da,Da,Da,Da,Da,Meridel Nicholl
Ne,Ne,Ne,Ne,Da,Da,Ne,Da,Da,Ne,Da,Da,Da,Da,Da,Da,Da,Da,Da,Da,Dinah Danzelman
Da,Da,Da,Da,Ne,Da,Ne,Da,Da,Ne,Da,Da,Da,Da,Da,Da,Da,Da,Da,Da,Kingsly Gasnoll
Ne,Da,Da,Da,Ne,Da,Ne,Da,Da,Ne,Da,Da,Da,Da,Da,Da,Da,Da,Da,Da,Bren Salzberg
Da,Ne,Da,Da,Ne,Da,Ne,Da,Da,Ne,Da,Da,Da,Da,Da,Da,Da,Da,Da,Da,Shelden Zealander
Ne,Ne,Da,Da,Ne,Da,Ne,Da,Da,Ne,Da,Da,Da,Da,Da,Da,Da,Da,Da,Da,Shepperd MacAvddy
Da,Da,Ne,Da,Ne,Da,Ne,Da,Da,Ne,Da,Da,Da,Da,Da,Da,Da,Da,Da,Da,Curr Noble
Ne,Da,Ne,Da,Ne,Da,Ne,Da,Da,Ne,Da,Da,Da,Da,Da,Da,Da,Da,Da,Da,Whitney Fearenside
Da,Ne,Ne,Da,Ne,Da,Ne,Da,Da,Ne,Da,Da,Da,Da,Da,Da,Da,Da,Da,Da,Tyson Avo
Ne,Ne,Ne,Da,Ne,Da,Ne,Da,Da,Ne,Da,Da,Da,Da,Da,Da,Da,Da,Da,Da,Hayden Chastel
Da,Da,Da,Ne,Ne,Da,Ne,Da,Da,Ne,Da,Da,Da,Da,Da,Da,Da,Da,Da,Da,Alikee Rippin
Ne,Da,Da,Ne,Ne,Da,Ne,Da,Da,Ne,Da,Da,Da,Da,Da,Da,Da,Da,Da,Da,Erma McGlynn
Da,Ne,Da,Ne,Ne,Da,Ne,Da,Da,Ne,Da,Da,Da,Da,Da,Da,Da,Da,Da,Da,Claudette Walewicz
Ne,Ne,Da,Ne,Ne,Da,Ne,Da,Da,Ne,Da,Da,Da,Da,Da,Da,Da,Da,Da,Da,Launce Finci
Da,Da,Ne,Ne,Ne,Da,Ne,Da,Da,Ne,Da,Da,Da,Da,Da,Da,Da,Da,Da,Da,Claribel Ettritch
Ne,Da,Ne,Ne,Ne,Da,Ne,Da,Da,Ne,Da,Da,Da,Da,Da,Da,Da,Da,Da,Da,Lilia Hablot
Da,Ne,Ne,Ne,Ne,Da,Ne,Da,Da,Ne,Da,Da,Da,Da,Da,Da,Da,Da,Da,Da,Gert Fyfe
Ne,Ne,Ne,Ne,Ne,Da,Ne,Da,Da,Ne,Da,Da,Da,Da,Da,Da,Da,Da,Da,Da,Delmer Shoutt
Da,Da,Da,Da,Da,Ne,Ne,Da,Da,Ne,Da,Da,Da,Da,Da,Da,Da,Da,Da,Da,Aristotle Szimon
Ne,Da,Da,Da,Da,Ne,Ne,Da,Da,Ne,Da,Da,Da,Da,Da,Da,Da,Da,Da,Da,Nolan Greenman